date,pm25,pm10,o3,no2,so2,co,AQI
2015-12-29,139,75,10,2,4,13,194
2015-12-30,139,70,10,2,6,25,194
2015-12-31,151,70,10,2,6,25,201
2016-01-02,151,78,31,2,4,8,201
2016-01-03,133,78,25,2,7,12,191
2016-01-04,156,79,27,1,6,10,206
2016-01-05,158,75,33,1,4,11,208
2016-01-06,156,74,36,1,6,8,206
2016-01-07,152,73,56,1,6,9,202
2016-01-08,150,76,86,1,6,9,199
2016-01-09,148,74,86,1,7,9,198
2016-01-10,153,75,86,1,6,10,203
2016-01-11,153,74,86,1,6,12,203
2016-01-12,153,73,86,1,8,8,203
2016-01-13,149,72,86,1,6,7,199
2016-01-14,149,75,86,1,6,5,199
2016-01-15,151,70,67,1,5,8,201
2016-01-16,154,72,86,1,6,11,204
2016-01-17,147,62,86,1,6,6,198
2016-01-18,114,63,86,1,5,5,181
2016-01-19,137,74,86,1,7,9,193
2016-01-20,159,79,27,1,7,6,209
2016-01-21,157,74,30,1,12,8,207
2016-01-22,144,71,30,1,6,8,196
2016-01-23,153,75,53,1,6,7,203
2016-01-24,162,74,29,1,5,7,212
2016-01-25,158,72,86,1,5,8,208
2016-01-26,158,71,86,1,5,6,208
2016-01-27,150,74,86,1,6,11,199
2016-01-28,154,73,22,1,7,15,204
2016-01-29,152,70,57,1,6,17,202
2016-01-30,153,73,57,1,5,12,203
2016-01-31,162,75,57,1,5,12,212
2016-02-01,154,71,57,1,5,8,204
2016-02-02,138,73,57,1,7,16,193
2016-02-03,148,70,57,1,7,10,198
2016-02-04,155,76,27,1,10,8,205
2016-02-05,157,74,25,1,3,8,207
2016-02-06,149,72,28,1,5,8,199
2016-02-07,153,76,21,1,3,7,203
2016-02-08,158,77,25,1,4,9,208
2016-02-09,158,72,33,1,3,7,208
2016-02-10,149,77,35,1,2,8,199
2016-02-11,153,70,31,1,2,7,203
2016-02-12,145,74,33,1,3,7,197
2016-02-13,150,72,22,1,4,8,199
2016-02-14,150,72,16,1,3,4,199
2016-02-15,108,59,16,1,4,8,178
2016-02-16,107,79,26,1,1,8,177
2016-02-17,124,77,15,1,3,9,186
2016-02-18,120,71,17,1,3,9,184
2016-02-19,109,79,23,1,4,11,178
2016-02-20,140,70,33,1,5,15,194
2016-02-21,143,70,28,1,6,10,196
2016-02-22,148,77,29,1,4,6,198
2016-02-23,154,70,29,1,4,6,204
2016-02-24,132,73,31,1,2,7,190
2016-02-25,137,71,18,1,3,7,193
2016-02-26,132,60,15,1,3,7,190
2016-02-27,79,69,16,1,3,5,163
2016-02-28,96,67,16,1,3,8,171
2016-02-29,86,65,18,1,3,7,166
2016-03-01,103,72,23,1,3,10,175
2016-03-02,126,67,30,1,4,8,187
2016-03-03,124,72,31,1,3,9,186
2016-03-04,149,75,30,1,3,10,199
2016-03-05,152,71,21,1,3,8,202
2016-03-06,114,64,20,1,3,6,181
2016-03-07,97,60,27,1,3,5,172
2016-03-08,105,66,29,1,2,8,176
2016-03-09,119,72,24,1,3,10,183
2016-03-10,145,71,29,1,3,9,197
2016-03-11,141,76,28,1,3,8,195
2016-03-12,149,72,38,1,3,6,199
2016-03-13,151,71,40,1,3,7,201
2016-03-14,152,65,19,1,2,7,202
2016-03-15,127,64,28,1,3,6,187
2016-03-16,118,61,26,1,2,6,183
2016-03-17,120,72,35,1,3,7,184
2016-03-18,140,68,32,1,2,8,194
2016-03-19,135,72,31,1,3,11,192
2016-03-20,153,76,27,1,4,15,203
2016-03-21,139,74,41,1,5,14,194
2016-03-22,143,73,33,1,7,13,196
2016-03-23,152,75,41,1,5,6,202
2016-03-24,160,74,40,1,7,8,210
2016-03-25,158,76,38,1,4,6,208
2016-03-26,142,74,45,1,3,8,195
2016-03-27,154,80,34,1,3,8,204
2016-03-28,153,73,34,1,1,8,203
2016-03-29,143,70,33,1,2,8,196
2016-03-30,136,68,31,1,2,6,192
2016-03-31,117,72,40,1,3,8,182
2016-04-01,140,73,34,1,2,8,194
2016-04-02,139,73,38,1,3,7,194
2016-04-03,135,74,33,17,2,8,192
2016-04-04,136,80,31,20,2,9,192
2016-04-05,141,80,23,20,3,7,195
2016-04-06,138,71,28,21,4,6,193
2016-04-07,113,65,27,17,2,6,180
2016-04-08,93,56,20,13,2,7,170
2016-04-09,89,60,26,15,4,7,168
2016-04-10,86,72,30,18,3,8,166
2016-04-11,116,68,29,19,3,6,182
2016-04-12,122,72,35,17,4,10,185
2016-04-13,138,77,30,24,4,10,193
2016-04-14,151,73,29,15,4,7,201
2016-04-15,142,71,31,12,1,6,195
2016-04-16,130,72,34,12,4,9,189
2016-04-17,134,74,28,17,3,9,191
2016-04-18,133,62,21,17,3,7,191
2016-04-19,104,70,21,19,5,8,176
2016-04-20,117,66,32,17,2,9,182
2016-04-21,115,74,28,17,2,9,181
2016-04-22,117,69,26,14,4,7,182
2016-04-23,88,69,26,14,4,7,167
2016-04-24,88,67,32,26,17,1,167
2016-04-25,96,77,20,26,9,1,171
2016-04-26,146,76,17,24,1,1,197
2016-04-27,140,67,21,23,1,1,194
2016-04-28,114,63,21,22,3,1,181
2016-04-29,107,60,23,20,4,1,177
2016-04-30,89,75,25,21,3,1,168
2016-05-01,119,63,29,16,2,1,183
2016-05-02,95,67,23,24,2,1,171
2016-05-03,115,50,27,13,3,1,181
2016-05-04,85,47,25,16,6,6,166
2016-05-05,83,52,19,26,1,8,165
2016-05-06,93,71,27,35,1,10,170
2016-05-07,134,45,23,32,1,8,191
2016-05-08,99,62,30,27,5,5,173
2016-05-09,118,44,26,26,6,7,183
2016-05-10,77,63,24,29,2,11,162
2016-05-11,123,72,33,27,3,8,185
2016-05-12,127,63,31,25,1,8,187
2016-05-13,123,68,32,26,4,8,185
2016-05-14,122,51,22,17,3,6,185
2016-05-15,85,58,21,20,3,7,166
2016-05-16,82,53,13,19,7,6,164
2016-05-17,65,56,16,21,3,7,155
2016-05-18,83,52,13,17,5,6,165
2016-05-19,82,48,30,12,4,4,164
2016-05-20,78,53,19,12,6,3,162
2016-05-21,69,65,14,13,3,5,157
2016-05-22,76,55,13,13,2,4,161
2016-05-23,72,57,14,13,1,4,159
2016-05-24,66,55,10,15,4,5,156
2016-05-25,79,39,14,12,4,3,163
2016-05-26,50,51,18,11,3,3,136
2016-05-27,68,51,19,11,4,4,157
2016-05-28,61,55,17,13,4,4,153
2016-05-29,64,77,6,19,4,5,155
2016-05-30,99,77,6,19,4,5,173
2016-08-08,99,39,4,4,1,5,173
2016-08-09,29,35,4,3,5,2,86
2016-08-10,36,27,4,3,3,2,102
2016-08-11,32,28,4,3,5,2,92
2016-08-12,37,21,4,4,5,3,104
2016-08-13,35,30,3,5,4,3,99
2016-08-14,44,32,4,5,3,3,121
2016-08-15,56,34,4,5,4,2,151
2016-08-16,67,34,4,6,5,2,156
2016-08-17,56,23,4,4,4,2,151
2016-08-18,34,32,4,5,3,3,97
2016-08-19,50,43,4,6,5,4,136
2016-08-20,61,46,4,7,9,4,153
2016-08-21,75,65,4,7,17,14,161
2016-08-22,127,22,4,5,4,3,187
2016-08-23,36,14,4,10,5,3,102
2016-08-24,28,24,4,7,6,5,84
2016-08-25,56,42,4,8,6,5,151
2016-08-26,80,33,4,9,5,5,163
2016-08-27,56,33,4,9,5,5,151
2016-08-28,56,15,4,7,5,4,151
2016-08-29,39,4,4,6,5,4,109
2016-08-30,56,6,5,6,4,4,151
2016-08-31,48,15,4,5,4,3,131
2016-09-01,42,13,4,5,5,3,117
2016-09-02,27,13,4,4,3,3,82
2016-09-03,24,33,4,6,4,3,76
2016-09-04,55,49,4,6,4,3,149
2016-09-05,61,52,4,7,4,4,153
2016-09-06,68,55,4,8,5,4,157
2016-09-07,70,53,4,9,8,5,158
2016-09-08,73,48,8,6,4,3,160
2016-09-09,66,51,9,6,4,3,156
2016-09-10,81,32,9,5,5,4,164
2016-09-11,74,41,10,5,3,4,160
2016-09-12,76,24,11,5,3,4,161
2016-09-13,63,20,12,4,2,4,154
2016-09-14,51,13,9,6,4,4,139
2016-09-15,44,20,10,6,3,4,121
2016-09-16,50,8,9,3,2,2,136
2016-09-17,29,13,12,3,2,2,86
2016-09-18,32,12,10,4,1,2,92
2016-09-19,21,15,12,3,3,2,69
2016-09-20,27,22,10,5,2,3,82
2016-09-21,68,18,11,4,3,4,157
2016-09-22,42,8,11,3,3,3,117
2016-09-23,26,9,11,2,2,3,80
2016-09-24,28,22,12,4,2,3,84
2016-09-25,48,23,13,5,3,3,131
2016-09-26,60,39,13,5,2,5,153
2016-09-27,79,57,17,6,2,5,163
2016-09-28,99,59,18,6,2,4,173
2016-09-29,110,53,17,5,1,4,179
2016-09-30,96,19,15,3,3,3,171
2016-10-01,66,27,14,4,2,3,156
2016-10-02,65,42,16,6,3,3,155
2016-10-03,89,30,12,6,3,3,168
2016-10-04,65,17,10,4,3,3,155
2016-10-05,34,28,12,4,2,2,97
2016-10-06,38,31,14,5,1,3,107
2016-10-07,46,18,11,6,7,3,126
2016-10-08,50,23,15,6,2,3,136
2016-10-09,64,52,20,8,4,4,155
2016-10-10,101,65,20,7,2,5,174
2016-10-11,126,72,20,11,1,7,187
2016-10-12,132,80,20,18,2,10,190
2016-10-13,154,76,21,22,4,9,204
2016-10-14,139,78,26,19,3,7,194
2016-10-15,143,75,26,17,3,8,196
2016-10-16,148,75,25,17,3,7,198
2016-10-17,138,78,26,19,3,7,193
2016-10-18,147,79,31,16,2,7,198
2016-10-19,151,72,27,22,3,10,201
2016-10-20,148,74,27,20,2,8,198
2016-10-21,150,74,25,20,4,7,199
2016-10-22,149,76,30,19,3,8,199
2016-10-23,151,73,30,18,3,7,201
2016-10-24,145,74,29,16,3,7,197
2016-10-25,144,78,26,20,2,6,196
2016-10-26,155,78,27,18,2,5,205
2016-10-27,152,77,33,20,3,8,202
2016-10-28,158,72,36,21,5,8,208
2016-10-29,161,79,21,16,3,6,211
2016-10-30,155,56,21,12,2,5,205
2016-10-31,127,79,34,13,3,6,187
2016-11-01,156,77,45,15,4,6,206
2016-11-02,160,77,33,13,2,5,210
2016-11-03,156,73,28,12,3,4,206
2016-11-04,135,77,32,14,3,5,192
2016-11-05,154,74,32,18,4,6,204
2016-11-06,158,80,29,19,2,8,208
2016-11-07,156,73,26,25,6,10,206
2016-11-08,153,74,26,20,9,9,203
2016-11-09,147,76,32,21,6,9,198
2016-11-10,157,75,10,26,12,17,207
2016-11-11,157,73,32,26,7,13,207
2016-11-12,153,72,34,26,5,9,203
2016-11-13,151,74,24,2,5,8,201
2016-11-14,155,81,23,2,6,7,205
2016-11-15,158,70,32,36,6,8,208
2016-11-16,144,70,27,31,9,8,196
2016-11-17,151,79,34,34,9,6,201
2016-11-18,154,70,30,54,8,8,204
2016-11-19,154,70,30,54,8,10,204
2016-11-20,154,70,24,31,7,8,204
2016-11-21,154,74,24,30,7,10,204
2016-11-22,147,73,25,31,7,8,198
2016-11-23,143,73,28,32,8,8,196
2016-11-24,160,80,28,32,11,10,210
2016-11-25,154,72,27,36,10,11,204
2016-11-26,144,75,20,32,10,9,196
2016-11-27,148,73,27,32,9,9,198
2016-11-28,149,72,30,38,14,11,199
2016-11-29,149,73,23,28,11,9,199
2016-11-30,153,75,25,26,11,9,203
2016-12-01,152,74,18,25,9,9,202
2016-12-02,155,72,12,18,11,8,205
2016-12-03,145,72,13,18,8,9,197
2016-12-04,151,77,21,18,7,7,201
2016-12-05,155,79,25,21,11,6,205
2016-12-06,158,74,24,23,9,9,208
2016-12-07,150,73,28,26,12,12,199
2016-12-08,155,72,33,26,11,8,205
2016-12-09,152,69,19,32,11,7,202
2016-12-10,151,73,23,29,12,6,201
2016-12-11,155,81,17,25,11,5,205
2016-12-12,144,74,17,22,11,6,196
2016-12-13,138,67,11,22,8,9,193
2016-12-14,151,79,20,21,10,10,201
2016-12-15,159,79,17,22,8,9,209
2016-12-16,158,72,20,22,10,14,208
2016-12-17,149,71,20,28,10,9,199
2016-12-18,143,78,24,26,9,7,196
2016-12-19,155,73,26,32,13,10,205
2016-12-20,153,72,27,32,13,12,203
2016-12-21,152,73,23,32,13,9,202
2016-12-22,150,72,21,31,11,13,199
2016-12-23,144,75,28,34,14,13,196
2016-12-24,153,72,21,32,11,13,203
2016-12-25,151,72,28,27,5,12,201
2016-12-26,151,77,22,34,11,10,201
2016-12-27,150,74,23,29,7,12,199
2016-12-28,156,73,22,33,4,11,206
2016-12-29,158,72,23,26,4,10,208
2016-12-30,152,72,20,27,3,11,202
2016-12-31,153,73,17,27,3,10,203
2017-01-01,152,70,28,20,4,8,202
2017-01-02,150,77,26,21,5,10,199
2017-01-03,150,102,28,21,6,8,199
2017-01-04,163,126,20,27,7,14,213
2017-01-05,191,126,23,26,8,14,241
2017-01-06,172,87,23,22,5,9,222
2017-01-07,156,83,18,22,5,7,206
2017-01-08,158,75,20,21,6,7,208
2017-01-09,144,84,18,17,6,7,196
2017-01-10,153,94,28,21,10,8,203
2017-01-11,159,105,23,27,9,9,209
2017-01-12,170,99,17,26,8,8,220
2017-01-13,170,93,17,24,6,8,220
2017-01-14,165,92,18,23,7,8,215
2017-01-15,167,99,20,25,6,10,217
2017-01-16,170,92,17,26,5,9,220
2017-01-17,160,79,17,22,5,7,210
2017-01-18,144,91,21,23,6,8,196
2017-01-19,164,96,18,24,8,8,214
2017-01-20,164,96,17,26,7,9,214
2017-01-21,150,87,24,31,3,9,199
2017-01-22,159,100,23,26,19,9,209
2017-01-23,164,101,25,24,9,8,214
2017-01-24,164,99,20,22,8,8,214
2017-01-25,163,88,20,22,7,7,213
2017-01-26,161,84,20,22,4,7,211
2017-01-27,138,87,14,22,25,8,193
2017-01-28,157,100,24,19,16,8,207
2017-01-29,169,98,8,20,6,10,219
2017-01-30,167,98,8,20,6,10,217
2017-01-31,167,78,13,23,10,11,217
2017-02-01,120,82,16,21,8,7,184
2017-02-02,147,94,18,22,8,8,198
2017-02-03,161,116,16,26,8,12,211
2017-02-04,149,88,24,20,7,8,199
2017-02-05,150,94,25,21,10,9,199
2017-02-06,161,126,24,25,8,11,211
2017-02-07,182,111,22,24,9,10,232
2017-02-08,152,111,20,24,9,9,202
2017-02-09,174,94,23,17,5,8,224
2017-02-10,162,81,20,20,7,6,212
2017-02-11,145,68,14,19,8,5,197
2017-02-12,120,70,15,18,9,6,184
2017-02-13,119,89,15,20,7,8,183
2017-02-14,153,99,16,21,10,10,203
2017-02-15,158,91,19,20,9,8,208
2017-02-16,159,112,17,23,10,11,209
2017-02-17,170,103,18,23,10,10,220
2017-02-18,161,99,17,22,7,10,211
2017-02-19,145,96,25,20,10,11,197
2017-02-20,125,115,31,20,12,14,186
2017-02-21,153,91,27,19,9,8,203
2017-02-22,149,110,27,20,8,10,199
2017-02-23,162,140,18,22,11,16,212
2017-02-24,168,101,46,19,9,8,218
2017-02-25,151,116,41,21,14,10,201
2017-02-26,156,110,42,19,12,11,206
2017-02-27,154,114,46,21,7,10,204
2017-02-28,159,132,51,22,11,12,209
2017-03-01,164,96,53,15,10,7,214
2017-03-02,161,74,40,15,5,6,211
2017-03-03,117,75,54,12,6,7,182
2017-03-04,116,67,44,9,3,5,182
2017-03-05,119,78,39,11,4,6,183
2017-03-06,138,79,39,11,3,6,193
2017-03-07,135,69,65,8,5,6,192
2017-03-08,137,81,50,11,10,7,193
2017-03-09,152,67,45,6,7,4,202
2017-03-10,102,86,48,7,8,4,175
2017-03-11,99,97,79,13,11,7,173
2017-03-12,133,105,72,15,13,7,191
2017-03-13,156,84,34,11,9,6,206
2017-03-14,114,59,31,8,10,5,181
2017-03-15,92,56,52,7,9,5,169
2017-03-16,105,77,61,8,12,6,176
2017-03-17,119,115,59,19,21,10,183
2017-03-18,151,124,45,18,16,12,201
2017-03-19,149,105,46,16,14,9,199
2017-03-20,130,113,55,18,13,8,189
2017-03-21,148,112,51,22,14,9,198
2017-03-22,154,127,58,21,17,11,204
2017-03-23,173,92,46,15,13,7,223
2017-03-24,140,108,74,18,16,9,194
2017-03-25,158,118,79,17,19,8,208
2017-03-26,165,103,56,16,13,8,215
2017-03-27,153,99,59,16,13,8,203
2017-03-28,142,85,68,16,15,7,195
2017-03-29,141,94,58,15,15,6,195
2017-03-30,135,89,55,16,12,7,192
2017-03-31,132,83,65,13,12,6,190
2017-04-01,126,93,65,15,13,6,187
2017-04-02,142,92,62,15,12,7,195
2017-04-03,146,77,53,13,10,6,197
2017-04-04,120,77,63,15,10,6,184
2017-04-05,154,90,71,22,11,8,204
2017-04-06,151,90,46,16,9,7,201
2017-04-07,157,113,62,26,15,12,207
2017-04-08,171,103,65,21,12,9,221
2017-04-09,166,107,69,21,11,9,216
2017-04-10,167,114,78,21,18,8,217
2017-04-11,154,144,28,35,28,17,204
2017-04-12,187,111,67,25,17,9,237
2017-04-13,161,107,66,23,15,9,211
2017-04-14,162,97,53,21,12,9,212
2017-04-15,149,120,53,20,10,8,199
2017-04-16,151,137,64,26,10,12,201
2017-04-17,158,143,70,30,11,14,208
2017-04-18,169,113,60,15,8,9,219
2017-04-19,160,97,53,18,7,8,210
2017-04-20,138,114,55,23,14,10,193
2017-04-21,143,117,54,20,12,11,196
2017-04-22,143,122,51,18,13,10,196
2017-04-23,144,123,49,20,12,12,196
2017-04-24,144,104,42,20,37,11,196
2017-04-25,135,118,62,23,15,14,192
2017-04-26,149,117,61,26,15,13,199
2017-04-27,155,80,66,13,11,8,205
2017-04-28,115,65,70,13,8,7,181
2017-04-29,89,69,78,15,10,7,168
2017-04-30,109,61,76,14,11,7,178
2017-05-01,92,65,60,14,11,7,169
2017-05-02,101,74,45,14,11,8,174
2017-05-03,130,86,74,16,11,9,189
2017-05-04,141,91,66,15,10,8,195
2017-05-05,141,88,66,16,13,8,195
2017-05-06,142,71,51,14,8,8,195
2017-05-07,117,73,78,12,9,8,182
2017-05-08,117,74,66,16,10,8,182
2017-05-09,113,67,37,13,9,9,180
2017-05-10,121,67,37,13,9,9,184
2017-05-12,121,127,35,22,34,12,184
2017-05-13,155,82,52,18,8,9,205
2017-05-14,123,60,46,7,7,6,185
2017-05-15,101,77,61,10,4,6,174
2017-05-16,111,67,48,7,9,5,179
2017-05-17,95,82,57,13,11,7,171
2017-05-18,115,110,51,19,12,11,181
2017-05-19,130,83,56,11,7,7,189
2017-05-20,101,104,50,21,15,10,174
2017-05-21,120,92,53,15,11,8,184
2017-05-22,108,120,50,21,13,9,178
2017-05-23,139,118,75,22,13,12,194
2017-05-24,150,88,81,11,9,7,199
2017-05-25,128,88,75,11,13,7,188
2017-05-26,140,65,47,7,8,6,194
2017-05-27,106,59,52,10,7,7,177
2017-05-28,107,57,36,7,6,6,177
2017-05-29,76,61,30,6,5,6,161
2017-05-30,64,52,33,8,7,5,155
2017-05-31,59,38,32,10,5,5,152
2017-06-01,50,58,33,11,4,7,136
2017-06-02,78,55,37,9,8,7,162
2017-06-03,70,34,41,7,6,6,158
2017-06-04,63,54,42,9,7,6,154
2017-06-05,74,44,45,8,7,6,160
2017-06-06,72,32,41,6,7,5,159
2017-06-07,63,30,24,5,1,5,154
2017-06-08,62,30,24,5,1,5,154
2017-06-14,62,29,35,5,1,7,154
2017-06-15,50,16,35,6,237,3,172
2017-06-16,46,25,30,4,6,4,126
2017-06-17,57,37,32,5,7,5,151
2017-06-18,78,22,23,4,7,9,162
2017-06-19,71,23,28,3,7,8,159
2017-06-20,45,32,28,4,7,5,124
2017-06-21,49,34,24,4,8,5,134
2017-06-22,50,35,15,7,6,8,136
2017-06-23,70,32,29,3,7,9,158
2017-06-24,59,36,25,2,7,10,152
2017-06-25,54,36,20,1,7,11,146
2017-06-26,54,37,29,3,7,11,146
2017-06-27,60,27,24,8,7,12,153
2017-06-28,42,32,26,3,7,12,117
2017-06-29,45,50,26,4,7,12,124
2017-06-30,64,39,23,3,7,9,155
2017-07-01,50,44,23,5,7,4,136
2017-07-02,59,47,23,5,11,2,152
2017-07-03,57,36,15,4,2,2,151
2017-07-04,48,36,15,4,2,2,131
2017-07-05,48,61,16,14,3,6,131
2017-07-06,107,46,29,5,4,3,177
2017-07-07,69,44,30,5,5,3,157
2017-07-08,64,44,27,6,5,4,155
2017-07-09,70,34,25,6,5,4,158
2017-07-10,55,43,26,5,5,3,149
2017-07-11,67,37,22,5,5,3,156
2017-07-12,54,38,22,4,2,3,146
2017-07-13,58,34,21,3,5,1,152
2017-07-14,51,53,23,2,5,1,139
2017-07-15,68,35,19,3,5,1,157
2017-07-16,54,25,19,3,5,2,146
2017-07-17,41,17,17,3,5,1,114
2017-07-18,30,14,18,3,5,1,88
2017-07-19,24,17,20,2,5,1,76
2017-07-20,24,33,21,3,5,2,76
2017-07-21,36,45,21,2,5,1,102
2017-07-22,46,56,19,4,4,1,126
2017-07-23,54,47,20,3,5,1,146
2017-07-24,45,50,24,4,6,1,124
2017-07-25,58,51,30,4,7,1,152
2017-07-26,46,42,24,4,5,1,126
2017-07-27,53,37,23,4,5,1,144
2017-07-28,39,33,17,6,1,1,109
2017-07-29,50,33,17,6,1,1,136
2017-07-31,50,43,19,5,3,5,136
2017-08-01,35,43,23,4,2,3,99
2017-08-02,46,32,21,3,12,3,126
2017-08-03,38,30,24,3,5,4,107
2017-08-04,32,53,25,4,5,2,92
2017-08-05,69,64,29,5,5,2,157
2017-08-06,78,64,26,5,5,3,162
2017-08-07,89,56,31,5,5,5,168
2017-08-08,87,40,22,5,5,3,167
2017-08-09,74,41,22,4,1,3,160
2017-08-10,65,43,24,5,5,4,155
2017-08-11,64,41,21,4,5,5,155
2017-08-12,64,40,17,5,5,3,155
2017-08-13,69,40,22,4,5,4,157
2017-08-14,67,43,22,4,5,2,156
2017-08-15,56,51,25,6,5,1,151
2017-08-16,67,56,26,9,5,2,156
2017-08-17,71,59,21,8,5,2,159
2017-08-18,76,38,21,5,4,1,161
2017-08-19,55,17,25,4,5,1,149
2017-08-20,28,31,32,4,5,1,84
2017-08-21,42,39,28,6,6,2,117
2017-08-22,59,38,31,6,6,2,152
2017-08-23,51,44,31,6,6,2,139
2017-08-24,64,31,32,2,2,1,155
2017-08-25,53,32,24,2,2,1,144
2017-08-26,55,23,26,3,2,1,149
2017-08-27,38,15,31,4,1,1,107
2017-08-28,20,16,32,3,2,1,67
2017-08-29,23,41,30,5,2,1,73
2017-08-30,60,43,32,5,2,1,153
2017-08-31,56,47,34,5,1,1,151
2017-09-01,57,61,38,8,2,3,151
2017-09-02,90,45,40,7,2,1,168
2017-09-03,70,54,36,8,2,3,158
2017-09-04,82,40,35,6,2,1,164
2017-09-05,55,51,16,8,2,2,149
2017-09-06,81,51,16,8,2,2,164
2017-09-10,81,47,32,7,3,3,164
2017-09-11,67,39,34,7,3,3,156
2017-09-12,53,46,34,9,3,3,144
2017-09-13,76,27,34,6,2,2,161
2017-09-14,55,32,38,7,2,2,149
2017-09-15,61,20,30,5,2,2,153
2017-09-16,44,29,33,5,2,2,121
2017-09-17,61,19,30,3,2,1,153
2017-09-18,35,20,29,3,2,1,99
2017-09-19,37,23,30,3,2,1,104
2017-09-20,48,27,31,3,2,1,131
2017-09-21,57,34,41,4,2,2,151
2017-09-22,61,34,41,4,2,2,153
2017-09-24,61,30,17,14,1,4,153
2017-09-25,117,65,30,12,3,5,182
2017-09-26,125,66,34,9,3,4,186
2017-09-27,134,58,28,10,4,5,191
2017-09-28,131,46,29,8,2,4,189
2017-09-29,110,57,46,10,3,6,179
2017-09-30,137,71,48,9,3,5,193
2017-10-01,151,57,45,8,2,3,201
2017-10-02,126,49,38,11,6,7,187
2017-10-03,102,73,37,14,4,11,175
2017-10-04,155,82,44,12,3,8,205
2017-10-05,158,56,34,11,2,4,208
2017-10-06,108,51,31,14,12,5,178
2017-10-07,85,44,28,14,24,7,166
2017-10-08,114,52,41,11,14,5,181
2017-10-09,114,37,41,11,11,3,181
2017-10-10,79,43,37,10,1,3,163
2017-10-11,83,56,32,12,1,5,165
2017-10-12,115,34,52,8,1,3,181
2017-10-13,65,51,41,11,1,5,155
2017-10-14,97,48,33,10,1,4,172
2017-10-15,97,99,38,20,2,7,172
2017-10-16,164,83,39,15,1,6,214
2017-10-17,153,99,34,16,2,6,203
2017-10-18,157,95,45,13,1,4,207
2017-10-19,168,92,44,8,1,2,218
2017-10-20,177,76,42,8,1,3,227
2017-10-21,157,72,36,7,1,3,207
2017-10-22,155,65,41,10,2,4,205
2017-10-23,140,83,38,15,3,5,194
2017-10-24,155,86,37,16,2,5,205
2017-10-25,158,86,33,16,3,5,208
2017-10-26,150,87,30,17,2,5,199
2017-10-27,149,97,42,16,3,6,199
2017-10-28,158,98,27,11,3,6,208
2017-10-29,158,90,37,13,3,6,208
2017-10-30,152,90,34,23,5,7,202
2017-10-31,153,94,36,23,6,9,203
2017-11-01,159,85,36,21,5,7,209
2017-11-02,158,81,30,22,5,5,208
2017-11-03,156,75,28,20,5,6,206
2017-11-04,140,64,24,18,4,5,194
2017-11-05,107,59,29,23,4,5,177
2017-11-06,99,65,31,20,4,6,173
2017-11-07,105,67,37,19,4,5,176
2017-11-08,116,66,39,19,4,5,182
2017-11-09,119,71,34,18,5,5,183
2017-11-10,128,84,42,23,7,6,188
2017-11-11,157,82,31,21,7,7,207
2017-11-12,150,73,42,14,5,5,199
2017-11-13,138,85,32,18,6,7,193
2017-11-14,149,77,32,26,4,5,199
2017-11-15,132,62,28,34,2,3,190
2017-11-16,98,58,29,15,3,4,172
2017-11-17,94,64,28,18,4,6,170
2017-11-18,102,67,33,21,3,6,175
2017-11-19,117,85,27,23,6,12,182
2017-11-20,132,75,23,21,7,7,190
2017-11-21,131,71,26,20,2,4,189
2017-11-22,136,79,27,21,3,7,192
2017-11-23,138,95,47,20,3,6,193
2017-11-24,161,101,40,24,5,7,211
2017-11-25,161,97,43,20,10,7,211
2017-11-26,160,100,49,28,4,8,210
2017-11-27,162,109,35,29,4,10,212
2017-11-28,164,96,30,22,9,7,214
2017-11-29,159,95,35,18,7,7,209
2017-11-30,157,100,32,15,6,7,207
2017-12-01,161,94,37,14,6,6,211
2017-12-02,160,97,32,15,6,8,210
2017-12-03,161,96,36,14,5,7,211
2017-12-04,163,84,33,11,3,7,213
2017-12-05,151,74,27,10,3,5,201
2017-12-06,141,97,35,16,5,9,195
2017-12-07,163,106,34,18,8,10,213
2017-12-08,160,103,30,18,8,9,210
2017-12-09,157,96,25,17,8,8,207
2017-12-10,138,98,49,20,7,11,193
2017-12-11,153,105,40,21,8,12,203
2017-12-12,160,104,32,19,6,9,210
2017-12-13,160,97,27,16,5,8,210
2017-12-14,158,95,27,14,4,8,208
2017-12-15,160,93,30,15,5,8,210
2017-12-16,159,107,29,20,6,9,209
2017-12-17,161,108,31,17,8,8,211
2017-12-18,162,97,28,18,9,6,212
2017-12-19,153,104,28,19,7,11,203
2017-12-20,154,98,38,28,10,15,204
2017-12-21,162,105,35,35,8,17,212
2017-12-22,163,111,30,39,4,15,213
2017-12-23,162,112,27,39,3,15,212
2017-12-24,162,112,15,34,1,13,212
2017-12-25,161,112,26,34,12,12,211
2017-12-26,163,103,29,34,4,11,213
2017-12-27,157,101,30,34,4,11,207
2017-12-28,157,106,34,34,3,12,207
2017-12-29,160,102,28,34,2,12,210
2017-12-30,157,108,11,34,6,18,207
2017-12-31,162,76,26,34,1,9,212
2018-01-01,130,99,36,25,3,9,189
2018-01-02,160,104,36,24,2,10,210
2018-01-03,163,109,37,26,6,11,213
2018-01-04,162,108,37,26,3,11,212
2018-01-05,163,107,34,26,2,12,213
2018-01-06,161,106,29,25,2,11,211
2018-01-07,161,106,29,25,2,11,211
2018-01-08,163,110,37,26,3,8,213
2018-01-09,163,108,33,27,3,10,213
2018-01-10,163,109,38,27,3,11,213
2018-01-11,161,112,44,28,5,13,211
2018-01-12,163,111,28,30,6,19,213
2018-01-13,162,110,27,29,4,20,212
2018-01-14,163,94,29,23,2,9,213
2018-01-15,160,100,28,23,4,10,210
2018-01-16,161,99,31,21,2,10,211
2018-01-17,159,97,25,23,3,8,209
2018-01-18,157,100,26,24,3,11,207
2018-01-19,150,100,30,25,2,9,199
2018-01-20,156,102,24,26,1,12,206
2018-01-21,160,97,25,24,1,8,210
2018-01-22,160,90,24,23,1,6,210
2018-01-23,151,95,26,22,1,7,201
2018-01-24,160,105,31,25,2,10,210
2018-01-25,159,105,28,27,4,8,209
2018-01-26,157,103,26,27,2,10,207
2018-01-27,159,96,22,27,1,8,209
2018-01-28,158,94,27,25,1,7,208
2018-01-29,158,104,26,25,2,9,208
2018-01-30,147,103,26,30,3,13,198
2018-01-31,145,95,23,30,5,11,197
2018-02-01,139,94,22,33,5,10,194
2018-02-02,137,84,20,32,3,8,193
2018-02-03,126,78,19,32,3,6,187
2018-02-04,119,81,25,30,3,6,183
2018-02-05,119,90,19,30,3,8,183
2018-02-06,121,103,21,36,4,11,184
2018-02-07,152,73,24,27,2,5,202
2018-02-08,116,83,35,28,3,8,182
2018-02-09,134,83,35,28,3,8,191
2018-02-12,134,77,17,24,3,8,191
2018-02-13,134,78,22,27,3,9,191
2018-02-14,142,88,22,30,3,11,195
2018-02-15,147,88,23,31,3,10,198
2018-02-16,140,96,23,36,6,13,194
2018-02-17,143,91,22,34,3,13,196
2018-02-18,149,80,24,28,2,9,199
2018-02-19,133,83,22,29,2,9,191
2018-02-20,143,91,25,29,3,10,196
2018-02-21,152,91,25,27,3,10,202
2018-02-22,153,88,24,27,2,10,203
2018-02-23,144,83,19,27,3,8,196
2018-02-24,128,80,13,29,2,10,188
2018-02-25,124,93,20,31,3,12,186
2018-02-26,144,91,24,32,4,13,196
2018-02-27,147,101,25,33,4,15,198
2018-02-28,154,89,21,32,2,12,204
2018-03-01,144,85,21,31,2,11,196
2018-03-02,141,75,30,24,2,8,195
2018-03-03,129,89,23,30,3,11,188
2018-03-04,144,86,22,29,2,10,196
2018-03-05,139,77,22,27,2,9,194
2018-03-06,134,79,19,30,2,8,191
2018-03-07,128,86,19,31,3,10,188
2018-03-08,141,87,23,28,2,9,195
2018-03-09,143,94,22,29,3,11,196
2018-03-10,154,86,18,28,3,10,204
2018-03-11,141,73,18,27,2,9,195
2018-03-12,115,70,20,27,2,8,181
2018-03-13,109,77,23,27,2,9,178
2018-03-14,130,73,22,21,3,7,189
2018-03-15,123,87,19,24,4,10,185
2018-03-16,148,63,21,24,2,8,198
2018-03-17,139,64,14,24,1,8,194
2018-03-18,122,76,21,26,2,9,185
2018-03-19,135,79,26,24,2,9,192
2018-03-20,146,74,10,28,2,9,197
2018-03-21,138,81,21,20,3,8,193
2018-03-22,105,99,28,27,5,14,176
2018-03-23,138,101,28,32,6,13,193
2018-03-24,146,99,19,26,3,12,197
2018-03-25,159,85,26,24,2,10,209
2018-03-26,147,87,28,25,3,10,198
2018-03-27,153,79,26,20,3,9,203
2018-03-28,135,87,32,24,3,10,192
2018-03-29,147,79,27,20,2,9,198
2018-03-30,142,84,22,23,3,10,195
2018-03-31,142,73,18,23,2,8,195
2018-04-01,123,62,21,21,2,8,185
2018-04-02,108,77,21,20,2,9,178
2018-04-03,150,75,22,25,2,8,199
2018-04-04,136,72,22,21,1,8,192
2018-04-05,121,79,22,20,2,10,184
2018-04-06,137,66,31,28,2,10,193
2018-04-07,114,52,20,23,1,8,181
2018-04-08,94,70,27,23,12,10,170
2018-04-09,114,77,10,22,2,15,181
2018-04-10,110,58,17,19,2,15,179
2018-04-11,78,59,27,22,1,12,162
2018-04-12,87,58,22,20,2,5,167
2018-04-13,74,51,19,20,2,25,160
2018-04-14,69,55,12,20,2,18,157
2018-04-15,83,71,22,22,2,10,165
2018-04-16,107,65,21,21,2,9,177
2018-04-17,87,59,27,18,1,6,167
2018-04-18,81,73,25,19,3,8,164
2018-04-19,100,111,7,35,12,37,173
2018-04-20,166,111,7,35,12,37,216
2018-11-30,166,101,25,30,17,8,216
2018-12-01,162,98,20,31,4,8,212
2018-12-02,160,98,21,31,1,8,210
2018-12-03,163,102,21,31,10,8,213
2018-12-04,162,89,18,29,10,6,212
2018-12-05,162,103,11,31,1,13,212
2018-12-06,162,75,28,24,1,7,212
2018-12-07,160,90,18,26,4,7,210
2018-12-08,160,98,19,27,3,7,210
2018-12-09,162,96,23,22,3,6,212
2018-12-10,161,94,26,21,3,7,211
2018-12-11,158,94,26,21,3,7,208
2018-12-14,158,103,22,27,1,9,208
2018-12-15,164,107,22,27,2,8,214
2018-12-16,158,71,16,22,1,5,208
2018-12-17,158,45,12,18,1,4,208
2018-12-18,104,65,14,22,1,6,176
2018-12-19,131,77,15,25,1,8,189
2018-12-20,147,89,30,26,1,9,198
2018-12-21,158,102,26,29,1,9,208
2018-12-22,164,99,43,30,1,9,214
2018-12-23,161,106,26,26,1,13,211
2018-12-24,163,106,24,27,1,8,213
2018-12-25,163,89,21,21,1,7,213
2018-12-26,155,93,24,21,1,7,205
2018-12-27,161,89,29,25,1,6,211
2018-12-28,156,100,29,32,2,7,206
2018-12-29,162,100,27,32,1,8,212
2018-12-30,161,100,27,32,1,8,211
2018-12-31,161,106,19,41,2,14,211
2019-01-01,160,105,26,40,2,13,210
2019-01-02,161,110,32,45,1,11,211
2019-01-03,163,109,21,47,1,11,213
2019-01-04,162,100,24,37,3,8,212
2019-01-05,162,105,21,36,3,7,212
2019-01-06,164,107,22,44,1,9,214
2019-01-07,163,110,23,42,1,11,213
2019-01-08,162,112,30,40,2,7,212
2019-01-09,164,111,22,47,2,10,214
2019-01-10,162,100,18,38,2,7,212
2019-01-11,162,108,15,38,2,6,212
2019-01-12,163,108,15,38,2,6,213
2019-01-14,163,107,17,40,1,8,213
2019-01-15,161,106,20,36,1,8,211
2019-01-16,162,109,22,38,1,10,212
2019-01-17,163,109,22,38,1,10,213
2019-01-18,163,107,18,38,1,8,213
2019-01-19,163,107,18,40,1,9,213
2019-01-20,161,92,16,34,1,6,211
2019-01-21,157,86,14,30,1,3,207
2019-01-22,131,85,20,31,1,5,189
2019-01-23,162,90,14,34,1,6,212
2019-01-24,159,68,10,30,1,5,209
2019-01-25,145,62,11,28,1,5,197
2019-01-26,132,59,7,29,1,6,190
2019-01-27,146,83,10,31,1,7,197
2019-01-28,161,103,18,35,1,8,211
2019-01-29,163,93,21,40,2,7,213
2019-01-30,154,94,15,39,1,7,204
2019-01-31,157,85,18,36,1,6,207
2019-02-01,159,88,15,36,1,7,209
2019-02-02,157,87,16,36,1,6,207
2019-02-03,154,89,17,35,1,7,204
2019-02-04,153,88,18,35,1,7,203
2019-02-05,161,91,22,32,1,7,211
2019-02-06,162,85,23,35,1,5,212
2019-02-07,151,89,28,46,1,6,201
2019-02-08,156,102,21,62,1,13,206
2019-02-09,153,102,21,62,1,13,203
2019-02-10,153,89,13,55,1,6,203
2019-02-11,159,89,14,53,1,7,209
2019-02-12,161,95,16,56,1,7,211
2019-02-13,158,97,26,57,1,7,208
2019-02-14,160,72,12,47,1,5,210
2019-02-15,129,76,32,52,1,6,188
2019-02-16,148,67,17,57,1,4,198
2019-02-17,132,91,37,58,1,7,190
2019-02-18,160,85,15,40,1,6,210
2019-02-19,155,68,11,35,1,4,205
2019-02-20,125,79,13,36,1,6,186
2019-02-21,137,83,15,37,1,9,193
2019-02-22,143,88,24,42,1,7,196
2019-02-23,157,77,21,33,1,5,207
2019-02-24,157,81,22,33,1,4,207
2019-02-25,129,93,27,38,1,6,188
2019-02-26,153,80,27,37,1,5,203
2019-02-27,147,86,25,33,1,5,198
2019-02-28,146,89,16,37,1,5,197
2019-03-01,156,63,12,30,1,4,206
2019-03-02,121,62,16,28,1,4,184
2019-03-03,122,71,23,27,1,4,185
2019-03-04,131,93,20,27,1,5,189
2019-03-05,152,102,26,30,1,6,202
2019-03-06,153,105,29,36,1,9,203
2019-03-07,161,103,22,37,1,7,211
2019-03-08,162,83,17,32,1,6,212
2019-03-09,151,78,17,28,1,5,201
2019-03-10,140,77,15,27,1,5,194
2019-03-11,131,78,16,27,1,5,189
2019-03-12,137,84,16,29,1,5,193
2019-03-13,143,77,17,29,1,4,196
2019-03-14,134,87,21,30,1,5,191
2019-03-15,146,85,17,31,1,5,197
2019-03-16,138,77,16,30,1,5,193
2019-03-17,124,79,20,30,1,5,186
2019-03-18,122,64,19,27,1,4,185
2019-03-19,115,77,16,27,1,5,181
2019-03-20,126,72,19,26,1,4,187
2019-03-21,135,69,23,25,1,5,192
2019-03-22,127,82,21,28,1,7,187
2019-03-23,139,88,20,29,1,6,194
2019-03-24,149,86,20,30,1,6,199
2019-03-25,155,89,21,29,1,7,205
2019-03-26,156,80,21,26,1,5,206
2019-03-27,145,92,25,26,1,6,197
2019-03-28,157,98,25,31,1,8,207
2019-03-29,157,92,12,29,1,8,207
2019-03-30,161,92,12,29,1,8,211
2019-03-31,161,99,9,24,1,8,211
2019-04-01,145,85,21,22,1,4,197
2019-04-02,128,83,14,24,1,6,188
2019-04-03,148,73,17,21,1,5,198
2019-04-04,128,63,19,19,1,3,188
2019-04-05,109,67,19,22,1,5,178
2019-04-06,142,66,20,20,1,4,195
2019-04-07,130,75,17,23,1,6,189
2019-04-08,124,77,17,22,1,6,186
2019-04-09,135,83,19,23,1,6,192
2019-04-10,138,68,16,22,1,4,193
2019-04-11,126,74,19,23,1,5,187
2019-04-12,134,77,25,27,1,6,191
2019-04-13,131,76,19,24,1,6,189
2019-04-14,131,75,19,23,1,5,189
2019-04-15,133,85,19,25,1,5,191
2019-04-16,140,75,20,21,1,4,194
2019-04-17,128,84,29,23,1,5,188
2019-04-18,151,60,19,21,1,5,201
2019-04-19,123,56,25,20,1,4,185
2019-04-20,112,56,25,20,1,4,180
2019-04-21,112,74,18,22,1,5,180
2019-04-22,139,57,21,17,1,14,194
2019-04-23,128,86,19,25,1,7,188
2019-04-24,139,74,23,22,1,6,194
2019-04-25,134,96,23,26,1,6,191
2019-04-26,153,95,33,23,1,7,203
2019-04-27,157,95,33,23,1,7,207
2019-05-07,157,99,32,21,1,8,207
2019-05-08,139,93,32,23,1,8,194
2019-05-09,135,93,32,21,1,7,192
2019-05-10,135,95,32,17,1,7,192
2019-05-11,153,95,32,17,1,7,203
2019-05-13,153,100,33,23,2,4,203
2019-05-14,151,90,27,18,2,4,201
2019-05-15,160,90,27,18,2,4,210
2019-05-16,160,87,19,35,1,5,210
2019-05-17,151,97,30,22,1,6,201
2019-05-18,151,106,39,23,1,9,201
2019-05-19,156,92,34,19,1,5,206
2019-05-20,152,91,34,17,1,3,202
2019-05-21,146,84,46,17,1,4,197
2019-05-22,135,88,36,15,1,4,192
2019-05-23,150,74,38,15,1,5,199
2019-05-24,128,94,36,17,1,5,188
2019-05-25,138,97,34,17,1,7,193
2019-05-26,139,87,34,13,1,3,194
2019-05-27,132,93,35,17,1,4,190
2019-05-28,143,95,42,18,1,5,196
2019-05-29,154,91,38,16,1,4,204
2019-05-30,144,88,34,15,1,4,196
2019-05-31,141,78,29,12,1,3,195
2019-06-01,123,97,33,16,1,5,185
2019-06-02,149,61,28,9,1,2,199
2019-06-03,101,50,37,11,1,2,174
2019-06-04,97,72,41,12,1,3,172
2019-06-05,116,71,34,11,1,2,182
2019-06-06,115,55,40,10,1,2,181
2019-06-07,95,62,27,15,1,5,171
2019-06-08,116,52,38,11,1,2,182
2019-06-09,99,47,33,11,1,2,173
2019-06-10,86,33,26,11,1,2,166
2019-06-11,59,27,23,7,1,1,152
2019-06-12,50,26,17,7,1,1,136
2019-06-13,51,35,20,6,1,1,139
2019-06-14,59,53,19,7,1,1,152
2019-06-15,71,55,17,6,1,1,159
2019-06-16,72,57,15,7,1,1,159
2019-06-17,76,53,19,7,1,1,161
2019-06-18,75,56,20,7,1,1,161
2019-06-19,73,44,20,7,1,1,160
2019-06-20,65,53,21,12,1,3,155
2019-06-21,99,33,24,8,1,2,173
2019-06-22,76,44,23,10,1,2,161
2019-06-23,83,41,25,10,1,3,165
2019-06-24,81,46,25,13,1,5,164
2019-06-25,95,32,20,8,1,1,171
2019-06-26,69,18,19,7,1,1,157
2019-06-27,42,19,16,6,1,1,117
2019-06-28,43,21,16,6,1,1,119
2019-06-29,56,27,17,7,1,1,151
2019-06-30,62,30,14,6,1,1,154
2019-07-01,58,28,14,7,1,1,152
2019-07-02,65,38,16,6,1,2,155
2019-07-03,68,32,15,6,1,2,157
2019-07-04,70,29,13,6,1,2,158
2019-07-05,59,33,14,6,1,2,152
2019-07-06,66,37,15,6,1,2,156
2019-07-07,64,37,15,6,1,2,155
2019-07-08,64,34,14,5,1,2,155
2019-07-09,61,31,14,5,1,1,153
2019-07-10,62,28,14,6,1,1,154
2019-07-11,61,33,13,7,1,2,153
2019-07-12,77,29,14,7,1,1,162
2019-07-13,45,40,14,11,1,2,124
2019-07-14,59,36,12,8,1,2,152
2019-07-15,57,55,13,9,1,2,151
2019-07-16,75,46,18,7,1,1,161
2019-07-17,62,61,21,8,1,3,154
2019-07-18,78,46,26,9,1,3,162
2019-07-19,85,36,19,9,1,3,166
2019-07-20,76,32,16,8,1,3,161
2019-07-21,65,36,16,9,1,4,155
2019-07-22,62,20,14,7,1,2,154
2019-07-23,37,22,15,7,1,2,104
2019-07-24,44,22,13,6,1,2,121
2019-07-25,47,25,10,6,1,2,129
2019-07-26,49,27,12,5,1,2,134
2019-07-27,52,31,10,6,1,2,141
2019-07-28,61,21,10,6,1,2,153
2019-07-29,46,13,10,6,1,2,126
2019-07-30,35,15,10,6,1,2,99
2019-07-31,35,18,10,6,1,2,99
2019-08-01,39,10,9,5,1,2,109
2019-08-02,31,9,9,5,1,3,90
2019-08-03,24,10,10,5,1,2,76
2019-08-04,31,15,10,5,1,2,90
2019-08-05,30,18,10,5,1,2,88
2019-08-06,39,15,9,6,1,2,109
2019-08-07,31,21,10,5,1,2,90
2019-08-08,46,25,11,5,1,1,126
2019-08-09,46,26,12,5,1,1,126
2019-08-10,46,37,12,6,1,1,126
2019-08-11,57,43,10,6,1,2,151
2019-08-12,74,49,12,7,1,3,160
2019-08-13,74,42,12,6,1,3,160
2019-08-14,77,39,10,6,1,1,162
2019-08-15,66,49,12,7,1,1,156
2019-08-16,64,57,13,7,1,2,155
2019-08-17,77,63,12,9,1,3,162
2019-08-18,85,53,17,8,1,2,166
2019-08-19,78,54,14,7,1,2,162
2019-08-20,75,50,14,7,1,2,161
2019-08-21,70,37,14,6,1,1,158
2019-08-22,64,39,13,6,1,3,155
2019-08-23,67,38,13,6,1,1,156
2019-08-24,53,30,15,6,1,2,144
2019-08-25,56,36,15,6,1,2,151
2019-08-26,64,48,17,6,1,2,155
2019-08-27,68,46,15,6,1,2,157
2019-08-28,66,38,14,6,1,3,156
2019-08-29,65,24,24,7,1,2,155
2019-08-30,53,21,9,7,1,5,144
2019-08-31,51,15,9,3,1,3,139
2019-09-01,42,15,11,3,1,3,117
2019-09-02,36,21,6,3,1,4,102
2019-09-03,46,17,9,3,1,4,126
2019-09-04,42,22,11,6,1,1,117
2019-09-05,54,26,10,3,1,1,146
2019-09-06,52,21,11,3,1,1,141
2019-09-07,58,19,13,3,1,1,152
2019-09-08,48,25,10,3,1,1,131
2019-09-09,62,29,12,3,1,1,154
2019-09-10,67,42,12,3,1,1,156
2019-09-11,70,38,11,3,1,1,158
2019-09-12,72,29,12,3,1,1,159
2019-09-13,67,30,14,3,1,1,156
2019-09-14,64,32,15,4,1,2,155
2019-09-15,82,39,13,4,1,2,164
2019-09-16,85,43,15,4,1,2,166
2019-09-17,86,46,15,6,1,4,166
2019-09-18,99,53,10,6,1,3,173
2019-09-19,109,35,12,4,1,3,178
2019-09-20,87,47,13,4,1,3,167
2019-09-21,102,57,14,5,1,3,175
2019-09-22,100,53,14,4,1,5,173
2019-09-23,108,45,14,5,1,4,178
2019-09-24,103,41,11,5,1,4,175
2019-09-25,104,51,9,4,1,3,176
2019-09-26,94,39,11,3,1,2,170
2019-09-27,75,47,14,3,1,2,161
2019-09-28,92,58,12,4,1,3,169
2019-09-29,111,70,10,5,1,4,179
2019-09-30,133,54,14,4,1,2,191
2019-10-01,113,61,43,8,1,3,180
2019-10-02,111,64,50,7,2,6,179
2019-10-03,128,58,15,4,4,8,188
2019-10-04,110,58,18,6,1,9,179
2019-10-05,137,58,12,6,1,5,193
2019-10-06,125,73,20,4,1,6,186
2019-10-07,146,76,17,7,1,6,197
2019-10-08,157,60,17,8,1,4,207
2019-10-09,138,72,14,11,1,5,193
2019-10-10,134,53,18,9,1,4,191
2019-10-11,114,60,16,9,1,4,181
2019-10-12,116,53,17,6,1,4,182
2019-10-13,110,78,13,10,1,5,179
2019-10-14,155,78,14,8,1,5,205
2019-10-15,152,88,12,12,1,8,202
2019-10-16,160,85,11,10,1,6,210
2019-10-17,151,63,11,7,1,4,201
2019-10-18,112,59,12,10,1,4,180
2019-10-19,103,54,10,10,1,5,175
2019-10-20,115,55,10,7,1,4,181
2019-10-21,105,59,11,6,1,5,176
2019-10-22,126,48,14,5,1,3,187
2019-10-23,106,40,9,3,1,12,177
2019-10-24,87,52,10,2,1,3,167
2019-10-25,86,51,9,2,1,2,166
2019-10-26,93,55,10,22,1,3,170
2019-10-27,108,69,11,17,1,3,178
2019-10-28,141,63,9,16,1,4,195
2019-10-29,134,65,10,14,1,4,191
2019-10-30,133,54,9,14,1,3,191
2019-10-31,100,53,9,13,1,4,173
2019-11-01,94,63,8,15,1,7,170
2019-11-02,110,64,13,14,1,6,179
2019-11-03,124,82,19,15,1,6,186
2019-11-04,154,100,18,17,2,7,204
2019-11-05,162,104,21,16,1,8,212
2019-11-06,162,92,24,15,1,6,212
2019-11-07,163,95,23,16,1,6,213
2019-11-08,163,102,21,14,1,6,213
2019-11-09,164,92,17,13,1,6,214
2019-11-10,158,85,12,16,1,7,208
2019-11-11,161,88,13,20,1,6,211
2019-11-12,159,87,16,21,1,6,209
2019-11-13,159,92,14,21,1,7,209
2019-11-14,162,94,16,21,2,8,212
2019-11-15,163,96,17,21,2,9,213
2019-11-16,162,92,17,19,4,8,212
2019-11-17,161,100,18,20,4,8,211
2019-11-18,163,109,15,24,4,8,213
2019-11-19,162,106,12,51,1,11,212
2019-11-20,162,98,14,28,4,8,212
2019-11-21,162,97,17,24,3,8,212
2019-11-22,160,97,15,22,4,8,210
2019-11-23,162,100,15,20,3,9,212
2019-11-24,161,105,14,20,5,8,211
2019-11-25,164,96,14,20,3,8,214
2019-11-26,162,99,13,20,3,8,212
2019-11-27,163,94,13,24,4,9,213
2019-11-28,163,88,13,22,3,8,213
2019-11-29,159,90,11,22,3,9,209
2019-11-30,159,82,11,20,3,7,209
2019-12-01,158,65,11,18,4,7,208
2019-12-02,144,99,9,39,6,10,196
2019-12-03,159,99,14,26,4,9,209
2019-12-04,164,98,15,25,4,8,214
2019-12-05,163,108,16,25,3,9,213
2019-12-06,162,102,10,38,1,10,212
2019-12-07,163,88,13,26,3,9,213
2019-12-08,160,86,12,25,3,9,210
2019-12-09,156,79,14,23,3,8,206
2019-12-10,153,83,17,23,3,8,203
2019-12-11,160,74,26,23,3,8,210
2019-12-12,155,61,10,21,3,5,205
2019-12-13,120,63,11,23,3,7,184
2019-12-14,140,63,10,22,4,7,194
2019-12-15,145,80,11,24,3,8,197
2019-12-16,146,91,13,25,3,9,197
2019-12-17,162,97,12,28,3,10,212
2019-12-18,164,99,14,27,3,10,214
2019-12-19,163,93,17,26,3,10,213
2019-12-20,163,105,15,29,5,8,213
2019-12-21,163,99,12,31,4,7,213
2019-12-22,163,92,11,30,4,8,213
2019-12-23,161,84,12,26,3,8,211
2019-12-24,159,99,12,28,3,9,209
2019-12-25,163,90,13,23,4,9,213
2019-12-26,161,84,10,23,3,8,211
2019-12-27,157,100,10,29,1,9,207
2019-12-28,163,104,13,31,3,9,213
2019-12-29,163,104,13,31,3,9,213
2019-12-31,163,72,13,21,3,7,213
2020-01-01,146,61,10,19,3,6,197
2020-01-02,127,56,12,16,2,5,187
2020-01-03,122,86,12,21,3,8,185
2020-01-04,159,92,12,23,3,7,209
2020-01-05,163,80,11,23,3,6,213
2020-01-06,158,76,12,21,3,7,208
2020-01-07,154,63,13,15,3,5,204
2020-01-08,135,69,12,17,3,7,192
2020-01-09,140,94,14,20,3,7,194
2020-01-10,163,100,12,28,3,9,213
2020-01-11,163,99,18,26,3,8,213
2020-01-12,162,96,22,29,3,10,212
2020-01-13,161,102,16,28,3,8,211
2020-01-14,163,82,12,23,4,6,213
2020-01-15,155,73,25,22,4,6,205
2020-01-16,137,65,11,22,3,5,193
2020-01-17,124,72,9,24,3,7,186
2020-01-18,138,69,12,21,3,6,193
2020-01-19,136,74,11,22,3,7,192
2020-01-20,146,80,10,25,3,7,197
2020-01-21,140,77,11,23,3,7,194
2020-01-22,139,84,11,24,3,8,194
2020-01-23,157,90,11,26,3,8,207
2020-01-24,158,100,16,27,3,11,208
2020-01-25,162,103,22,25,3,9,212
2020-01-26,162,91,14,25,3,8,212
2020-01-27,158,82,19,17,3,4,208
2020-01-28,156,89,17,18,3,6,206
2020-01-29,147,96,23,22,3,6,198
2020-01-30,160,95,13,26,3,6,210
2020-01-31,160,77,10,21,3,4,210
2020-02-01,138,77,10,19,3,6,193
2020-02-02,141,70,9,19,3,5,195
2020-02-03,129,66,10,19,3,6,188
2020-02-04,119,59,8,18,3,4,183
2020-02-05,121,70,11,86,3,5,184
2020-02-06,117,71,13,62,10,5,182
2020-02-07,130,71,11,59,10,6,189
2020-02-08,141,69,6,56,10,7,195
2020-02-09,149,68,10,58,10,6,199
2020-02-10,139,74,12,61,11,7,194
2020-02-11,143,82,12,63,10,9,196
2020-02-12,155,96,15,27,3,9,205
2020-02-13,160,101,17,29,4,12,210
2020-02-14,160,101,29,27,13,12,210
2020-02-15,161,101,29,27,13,12,211
2020-02-16,161,102,5,37,2,11,211
2020-02-17,160,92,21,31,4,9,210
2020-02-18,152,84,13,38,4,11,202
2020-02-19,156,84,13,38,4,11,206
2020-02-28,156,88,10,22,4,11,206
2020-02-29,143,77,15,20,3,10,196
2020-03-01,147,82,18,19,3,9,198
2020-03-02,150,98,8,27,3,13,199
2020-03-03,162,77,16,15,3,7,212
2020-03-04,137,92,22,20,3,9,193
2020-03-05,153,69,14,13,3,6,203
2020-03-06,128,69,13,16,3,6,188
2020-03-07,137,66,12,16,3,7,193
2020-03-08,134,71,9,18,3,8,191
2020-03-09,137,60,12,15,3,6,193
2020-03-10,106,65,12,16,3,6,177
2020-03-11,118,82,11,19,4,8,183
2020-03-12,134,70,11,16,4,5,191
2020-03-13,119,71,12,16,3,7,183
2020-03-14,127,73,11,17,3,6,187
2020-03-15,128,67,9,17,3,7,188
2020-03-16,122,65,9,18,3,6,185
2020-03-17,108,64,13,18,3,6,178
2020-03-18,113,80,13,20,3,7,180
2020-03-19,149,70,15,19,4,6,199
2020-03-20,132,83,19,18,3,7,190
2020-03-21,145,62,16,12,3,4,197
2020-03-22,123,61,14,10,3,4,185
2020-03-23,133,61,14,9,3,4,191
2020-03-24,107,59,14,9,2,3,177
2020-03-25,104,57,14,9,3,3,176
2020-03-26,111,62,15,9,3,3,179
2020-03-27,123,60,17,9,3,3,185
2020-03-28,128,67,18,9,3,4,188
2020-03-29,142,60,20,10,3,4,195
2020-03-30,131,65,21,9,3,4,189
2020-03-31,145,70,18,8,2,4,197
2020-04-01,151,68,19,8,2,5,201
2020-04-02,148,61,19,8,2,4,198
2020-04-03,142,61,19,8,2,4,195
2020-04-09,142,61,4,10,1,3,195
2020-04-10,111,61,6,53,1,1,179
2020-04-11,101,61,6,49,1,1,174
2020-04-12,124,61,6,49,1,1,186
2020-04-13,126,61,19,11,1,3,187
2020-04-14,132,61,22,10,1,4,190
2020-04-15,125,61,23,10,1,4,186
2020-04-16,130,61,10,18,1,6,189
2020-04-17,134,61,9,19,1,5,191
2020-04-18,133,61,8,18,1,2,191
2020-04-19,108,61,8,19,1,3,178
2020-04-20,100,61,8,19,1,5,173
2020-04-21,94,61,9,19,1,4,170
2020-04-22,96,61,10,19,1,3,171
2020-04-23,103,61,9,19,1,6,175
2020-04-24,113,61,8,20,1,2,180
2020-04-25,115,61,9,20,1,3,181
2020-04-26,110,61,9,21,1,5,179
2020-04-27,103,66,7,20,1,3,175
2020-04-28,101,43,9,21,1,4,174
2020-04-29,101,60,13,24,1,11,174
2020-04-30,101,52,7,20,1,5,174
2020-05-01,101,50,8,20,1,6,174
2020-05-02,101,60,9,21,1,5,174
2020-05-03,101,58,9,21,1,3,174
2020-05-04,101,58,10,22,1,4,174
2020-05-05,101,52,10,20,1,10,174
2020-05-06,101,51,8,20,1,3,174
2020-05-07,101,53,8,20,1,5,174
2020-05-08,101,54,9,18,1,3,174
2020-05-09,155,54,7,23,1,3,205
2020-05-10,144,54,9,23,1,6,196
2020-05-11,144,54,8,23,1,6,196
2020-05-12,140,54,9,22,1,4,194
2020-05-13,117,54,8,19,1,2,182
2020-05-14,122,54,9,20,1,3,185
2020-05-15,109,54,9,20,1,4,178
2020-05-16,123,54,8,23,1,4,185
2020-05-17,135,54,8,23,1,4,192
2020-05-18,133,99,11,22,1,5,191
2020-05-19,157,87,9,22,1,5,207
2020-05-20,157,80,9,22,1,4,207
2020-05-21,157,93,8,25,1,7,207
2020-05-22,157,98,12,26,1,8,207
2020-05-23,157,86,11,23,1,5,207
2020-05-24,157,74,9,20,1,4,207
2020-05-25,157,69,9,20,1,4,207
2020-05-26,157,77,14,22,1,4,207
2020-05-27,157,72,9,21,1,3,207
2020-05-28,157,64,10,21,1,2,207
2020-05-29,157,58,10,22,1,3,207
2020-05-30,157,60,7,22,1,5,207
2020-05-31,157,38,14,20,1,5,207
2020-06-01,145,38,12,15,1,3,197
2020-06-02,72,38,10,15,1,3,159
2020-06-03,66,38,10,15,1,2,156
2020-06-04,69,38,9,16,1,2,157
2020-06-05,75,38,7,16,1,2,161
2020-06-06,71,38,7,16,1,2,159
2020-06-09,71,38,10,13,1,1,159
2020-06-10,70,38,10,12,1,1,158
2020-06-11,60,38,10,12,1,1,153
2020-06-12,63,38,8,11,1,1,154
2020-06-13,39,38,9,12,3,1,109
2020-06-14,38,38,8,12,3,2,107
2020-06-15,52,38,8,12,3,2,141
2020-06-16,44,38,8,13,3,2,121
2020-06-17,38,38,8,12,3,1,107
2020-06-18,53,38,10,11,3,1,144
2020-06-19,63,38,10,12,4,2,154
2020-06-20,67,38,10,12,3,1,156
2020-06-21,66,38,9,12,4,2,156
2020-06-22,67,38,10,12,4,2,156
2020-06-23,74,38,9,13,3,1,160
2020-06-24,73,38,10,15,4,2,160
2020-06-25,84,38,11,14,4,2,165
2020-06-26,98,38,10,13,4,1,172
2020-06-27,87,38,10,12,4,2,167
2020-06-28,62,38,10,13,3,2,154
2020-06-29,72,38,10,12,4,2,159
2020-06-30,69,38,9,11,4,1,157
2020-07-01,60,38,9,10,4,2,153
2020-07-02,46,38,9,10,3,1,126
2020-07-03,36,38,9,10,3,1,102
2020-07-04,48,38,10,10,4,1,131
2020-07-05,54,38,9,9,4,2,146
2020-07-06,58,38,9,10,3,1,152
2020-07-07,55,38,9,10,4,1,149
2020-07-08,45,38,9,10,3,2,124
2020-07-09,39,38,9,10,3,1,109
2020-07-10,46,38,9,10,4,2,126
2020-07-11,58,38,10,10,3,1,152
2020-07-12,65,38,8,11,4,3,155
2020-07-13,73,38,9,10,4,2,160
2020-07-14,61,38,9,9,4,1,153
2020-07-15,37,38,9,9,4,1,104
2020-07-16,37,38,9,10,3,1,104
2020-07-17,53,38,10,10,4,1,144
2020-07-18,66,38,9,12,4,1,156
2020-07-19,61,38,9,12,3,2,153
2020-07-20,63,38,9,13,3,2,154
2020-07-21,57,38,9,14,4,2,151
2020-07-22,75,38,10,13,4,1,161
2020-07-23,60,38,9,14,4,2,153
2020-07-24,89,38,9,14,4,2,168
2020-07-25,81,38,9,13,3,1,164
2020-07-26,53,38,9,13,3,1,144
2020-07-27,44,38,9,13,3,1,121
2020-07-28,53,38,11,12,4,2,144
2020-07-29,84,38,10,11,4,2,165
2020-07-30,85,38,9,13,4,4,166
2020-07-31,91,38,9,12,4,2,169
2020-08-01,107,38,8,11,4,1,177
2020-08-02,67,38,10,11,4,1,156
2020-08-03,40,13,10,9,1,2,112
2020-08-04,50,7,5,11,7,1,136
2020-08-05,37,19,5,13,7,1,104
2020-08-06,75,22,5,13,2,1,161
2020-08-07,67,33,5,13,2,1,156
2020-08-08,62,38,5,14,2,2,154
2020-08-09,72,34,5,11,2,1,159
2020-08-10,73,25,5,12,2,1,160
2020-08-11,50,31,5,13,2,2,136
2020-08-12,58,26,5,14,1,1,152
2020-08-13,62,28,5,14,1,1,154
2020-08-14,65,28,5,14,2,2,155
2020-08-15,53,28,5,14,1,2,144
2020-08-16,37,19,5,13,2,1,104
2020-08-17,48,26,5,14,1,2,131
2020-08-18,52,20,5,14,1,2,141
2020-08-19,55,19,5,14,1,1,149
2020-08-20,50,17,5,13,1,1,136
2020-08-21,41,27,5,14,1,1,114
2020-08-22,61,22,5,14,1,1,153
2020-08-23,51,27,5,14,1,1,139
2020-08-24,52,35,5,15,1,1,141
2020-08-25,63,48,5,15,1,1,154
2020-08-26,73,34,5,15,1,1,160
2020-08-27,69,29,5,14,2,1,157
2020-08-28,57,28,5,14,2,2,151
2020-08-29,57,30,5,14,1,1,151
2020-08-30,59,39,5,15,1,2,152
2020-08-31,62,55,5,15,1,2,154
2020-09-01,83,66,5,17,1,2,165
2020-09-02,100,60,5,18,1,1,173
2020-09-03,96,55,5,17,1,2,171
2020-09-04,80,51,5,17,1,1,163
2020-09-05,71,53,5,18,1,1,159
2020-09-06,80,50,5,18,1,1,163
2020-09-07,77,52,5,18,1,1,162
2020-09-08,85,55,5,18,1,1,166
2020-09-09,95,42,5,17,1,1,171
2020-09-10,84,51,5,17,1,1,165
2020-09-11,94,23,5,16,1,1,170
2020-09-12,55,18,6,16,1,1,149
2020-09-13,51,28,5,16,1,1,139
2020-09-14,63,22,5,16,7,1,154
2020-09-15,59,25,5,17,7,1,152
2020-09-16,57,21,5,15,1,1,151
2020-09-17,61,32,5,16,1,1,153
2020-09-18,74,37,5,17,1,1,160
2020-09-19,85,40,5,18,2,1,166
2020-09-20,90,15,5,16,1,1,168
2020-09-21,45,19,5,15,1,2,124
2020-09-22,49,28,5,16,1,1,134
2020-09-23,57,29,5,15,1,1,151
2020-09-24,48,27,5,16,1,1,131
2020-09-25,62,14,5,17,1,1,154
2020-09-26,42,35,5,17,1,1,117
2020-09-27,63,51,5,16,1,1,154
2020-09-28,93,58,5,15,1,1,170
2020-09-29,104,67,5,14,1,2,176
2020-09-30,123,63,5,15,1,1,185
2020-10-01,120,68,5,16,2,2,184
2020-10-02,118,75,5,16,1,1,183
2020-10-03,123,70,5,16,1,1,185
2020-10-04,121,70,5,17,1,1,184
2020-10-05,124,78,5,16,1,1,186
2020-10-06,141,83,5,19,1,1,195
2020-10-07,155,92,5,21,1,1,205
2020-10-08,161,73,5,20,1,1,211
2020-10-09,144,63,5,19,1,1,196
2020-10-10,115,39,5,16,2,1,181
2020-10-11,85,45,5,17,1,1,166
2020-10-12,97,23,5,15,1,1,172
2020-10-13,68,27,5,18,1,1,157
2020-10-14,72,47,5,18,1,1,159
2020-10-15,99,49,5,16,1,1,173
2020-10-16,97,45,5,17,3,1,172
2020-10-17,93,44,5,19,6,1,170
2020-10-18,103,56,5,18,6,1,175
2020-10-19,119,58,5,20,2,1,183
2020-10-20,130,62,5,22,1,2,189
2020-10-21,134,93,5,22,1,1,191
2020-10-22,160,101,5,25,1,1,210
2020-10-23,162,102,5,25,1,1,212
2020-10-24,163,96,5,25,1,1,213
2020-10-25,163,95,5,26,1,1,213
2020-10-26,161,109,5,29,1,1,211
2020-10-27,163,106,5,29,1,1,213
2020-10-28,162,109,5,28,1,1,212
2020-10-29,164,108,5,26,2,1,214
2020-10-30,163,110,5,28,1,1,213
2020-10-31,163,106,5,29,1,1,213
2020-11-01,163,109,5,31,1,2,213
2020-11-02,162,110,5,29,1,1,212
2020-11-03,162,109,5,32,1,1,212
2020-11-04,160,105,5,32,1,1,210
2020-11-05,159,106,5,32,1,1,209
2020-11-06,162,112,5,32,1,1,212
2020-11-07,163,105,5,35,1,1,213
2020-11-08,161,102,5,36,1,1,211
2020-11-09,162,110,5,40,1,1,212
2020-11-10,164,103,5,35,1,1,214
2020-11-11,157,74,5,29,1,1,207
2020-11-12,124,77,5,29,1,1,186
2020-11-13,114,84,5,30,1,1,181
2020-11-14,134,83,5,29,1,1,191
2020-11-15,147,87,5,30,1,1,198
2020-11-16,146,96,5,32,1,1,197
2020-11-17,148,75,5,28,1,1,198
2020-11-18,121,69,5,26,1,1,184
2020-11-19,100,59,5,26,1,1,173
2020-11-20,90,89,5,30,1,1,168
2020-11-21,126,94,5,30,1,1,187
2020-11-22,156,97,5,35,1,1,206
2020-11-23,162,104,5,34,1,1,212
2020-11-24,161,92,5,33,1,2,211
2020-11-25,157,76,5,29,1,1,207
2020-11-26,145,62,5,26,1,1,197
2020-11-27,138,78,5,27,1,1,193
2020-11-28,108,82,5,29,1,1,178
2020-11-29,110,80,5,30,1,1,179
2020-11-30,109,93,5,31,1,1,178
2020-12-01,141,97,5,33,1,1,195
2020-12-02,149,102,5,35,1,1,199
2020-12-03,155,99,5,34,1,2,205
2020-12-04,147,100,5,34,1,1,198
2020-12-05,149,101,5,35,1,2,199
2020-12-06,163,94,5,35,1,2,213
2020-12-07,137,95,5,36,1,2,193
2020-12-08,131,94,5,37,1,2,189
2020-12-09,136,90,5,37,1,1,192
2020-12-10,135,82,5,37,1,1,192
2020-12-11,122,91,5,37,1,2,185
2020-12-12,151,101,5,36,1,2,201
2020-12-13,158,89,5,37,1,1,208
2020-12-14,141,95,5,37,1,2,195
2020-12-15,147,103,5,37,1,1,198
2020-12-16,154,95,5,36,1,2,204
2020-12-17,152,102,5,36,1,2,202
2020-12-18,158,103,5,39,1,1,208
2020-12-19,161,103,5,39,1,1,211
2020-12-20,158,101,5,38,1,1,208
2020-12-21,148,101,5,39,1,2,198
2020-12-22,145,105,12,40,10,1,197
2020-12-23,157,106,5,38,1,1,207
2020-12-24,162,112,5,40,1,1,212
2020-12-25,163,113,5,38,1,1,213
2020-12-26,163,112,5,39,1,1,213
2020-12-27,162,112,5,40,1,1,212
2020-12-28,163,111,5,41,1,1,213
2020-12-29,163,110,5,43,1,1,213
2020-12-30,163,109,5,42,1,1,213
2020-12-31,162,111,5,42,1,1,212
2021-01-01,163,109,5,42,1,2,213
2021-01-02,163,112,5,42,1,1,213
2021-01-03,162,96,5,41,2,2,212
2021-01-04,147,77,5,38,1,1,198
2021-01-05,122,79,5,34,2,2,185
2021-01-06,138,82,5,36,1,2,193
2021-01-07,137,107,4,39,1,1,193
2021-01-08,164,57,6,34,2,2,214
2021-01-09,50,57,6,34,2,2,136
2021-01-10,50,107,5,38,1,2,136
2021-01-11,153,106,5,40,1,2,203
2021-01-12,164,98,5,38,1,1,214
2021-01-13,156,97,5,36,1,2,206
2021-01-14,160,100,5,35,1,2,210
2021-01-15,163,96,5,38,1,2,213
2021-01-16,159,95,5,38,1,2,209
2021-01-17,151,84,5,37,1,2,201
2021-01-18,135,99,6,31,15,4,192
2021-01-19,148,89,7,31,2,2,198
2021-01-20,139,89,7,31,2,2,194
2021-01-26,139,97,6,31,2,2,194
2021-01-27,155,93,6,31,1,2,205
2021-01-28,154,91,6,31,1,3,204
2021-01-29,143,103,6,31,1,2,196
2021-01-30,157,109,6,31,1,2,207
2021-01-31,161,106,6,31,1,2,211
2021-02-01,161,104,7,33,1,12,211
2021-02-02,148,102,7,32,4,14,198
2021-02-03,140,100,6,38,1,11,194
2021-02-04,139,94,6,39,1,9,194
2021-02-05,132,95,6,48,1,9,190
2021-02-06,132,107,6,41,1,10,190
2021-02-07,159,97,6,49,1,10,209
2021-02-08,145,105,7,41,1,15,197
2021-02-09,153,107,8,43,1,8,203
2021-02-10,159,96,6,41,1,6,209
2021-02-11,149,96,6,41,1,6,199
2021-02-12,142,96,6,41,1,6,195
2021-02-14,142,96,6,42,2,13,195
2021-02-15,154,99,10,45,1,6,204
2021-02-16,139,99,7,48,1,9,194
2021-02-17,141,86,6,50,1,5,195
2021-02-18,124,99,9,50,1,6,186
2021-02-19,157,99,9,50,1,6,207
2021-02-21,157,95,7,27,6,10,207
2021-02-22,153,102,7,29,4,10,203
2021-02-23,158,108,8,29,6,14,208
2021-02-24,159,99,6,28,5,10,209
2021-02-25,148,96,8,31,4,10,198
2021-02-26,153,103,7,35,5,13,203
2021-02-27,151,101,8,35,5,11,201
2021-02-28,146,92,9,35,5,9,197
2021-03-01,155,99,9,33,5,9,205
2021-03-02,158,101,8,31,1,10,208
2021-03-03,158,103,8,31,1,11,208
2021-03-04,153,85,8,28,1,8,203
2021-03-05,140,89,6,31,1,10,194
2021-03-06,143,102,6,35,1,10,196
2021-03-07,152,92,6,36,1,9,202
2021-03-08,146,84,11,29,1,8,197
2021-03-09,148,86,6,33,1,8,198
2021-03-10,163,70,6,31,1,7,213
2021-03-11,164,72,5,34,1,5,214
2021-03-12,164,81,6,33,1,8,214
2021-03-13,164,83,6,36,1,9,214
2021-03-14,164,84,7,36,1,9,214
2021-03-15,164,93,6,39,1,10,214
2021-03-16,164,95,6,36,1,9,214
2021-03-17,164,92,6,35,1,7,214
2021-03-18,164,97,6,36,1,8,214
2021-03-19,164,98,6,36,1,9,214
2021-03-20,164,99,6,37,1,9,214
2021-03-21,164,111,7,36,1,12,214
2021-03-22,164,109,6,33,1,8,214
2021-03-23,164,103,7,37,1,11,214
2021-03-24,164,107,7,35,1,14,214
2021-03-25,164,108,7,35,1,12,214
2021-03-26,164,104,7,34,1,10,214
2021-03-27,164,102,7,34,1,10,214
2021-03-28,164,98,7,34,1,9,214
2021-03-29,164,100,7,32,1,9,214
2021-03-30,164,93,7,29,1,9,214
2021-03-31,164,101,6,31,1,9,214
2021-04-01,164,108,6,30,1,10,214
2021-04-02,134,109,9,34,1,12,191
2021-04-03,156,108,7,31,1,9,206
2021-04-04,158,108,7,31,1,9,208
2021-04-05,158,108,6,26,1,10,208
2021-04-06,155,109,7,25,1,10,205
2021-04-07,144,97,7,23,1,8,196
2021-04-08,142,94,6,24,1,7,195
2021-04-09,153,105,6,27,1,9,203
2021-04-10,119,88,6,27,1,6,183
2021-04-11,94,69,6,24,1,7,170
2021-04-12,113,80,6,23,1,8,180
2021-04-13,113,78,6,24,1,7,180
2021-04-14,84,70,6,22,1,6,165
2021-04-15,110,69,7,20,1,7,179
2021-04-16,129,80,6,20,1,9,188
2021-04-17,126,79,8,25,1,7,187
2021-04-18,140,79,10,24,1,8,194
2021-04-19,140,86,8,17,1,6,194
2021-04-20,143,87,7,21,1,5,196
2021-04-21,139,81,6,18,1,7,194
2021-04-22,124,79,7,20,1,6,186
2021-04-23,100,69,6,21,1,5,173
2021-04-24,127,88,7,19,1,7,187
2021-04-25,140,86,7,20,1,7,194
2021-04-26,108,75,7,22,1,6,178
2021-04-27,117,79,8,24,1,6,182
2021-04-28,121,82,8,23,1,7,184
2021-04-29,130,80,7,20,1,7,189
2021-04-30,108,75,8,20,1,5,178
2021-05-01,126,82,6,20,1,7,187
2021-05-02,93,66,6,20,1,7,170
2021-05-03,79,59,7,18,1,5,163
2021-05-04,100,73,6,17,1,8,173
2021-05-05,82,61,6,16,1,6,164
2021-05-06,74,57,6,15,1,6,160
2021-05-07,60,52,6,16,1,6,153
2021-05-08,55,53,6,17,1,6,149
2021-05-09,41,44,8,17,1,6,114
2021-05-10,60,53,10,18,1,7,153
2021-05-11,87,60,7,14,1,6,167
2021-05-12,67,43,7,13,1,4,156
2021-05-13,78,51,6,14,1,5,162
2021-05-14,78,52,6,13,1,6,162
2021-05-15,36,35,6,13,1,4,102
2021-05-16,49,39,6,13,1,5,134
2021-05-17,50,46,6,15,2,5,136
2021-05-18,50,36,6,14,1,5,136
2021-05-19,56,32,6,13,1,5,151
2021-05-20,79,52,6,12,1,5,163
2021-05-21,107,63,6,11,1,5,177
2021-05-22,108,53,6,13,1,4,178
2021-05-24,108,60,7,6,1,4,178
2021-05-25,112,72,7,6,1,5,180
2021-05-26,104,72,7,6,1,4,176
2021-05-27,80,53,7,6,1,3,163
2021-05-28,77,46,6,5,1,3,162
2021-05-29,83,52,7,9,1,4,165
2021-05-30,81,43,7,8,1,4,164
2021-05-31,72,36,8,1,1,3,159
2021-06-01,64,30,7,4,4,3,155
2021-06-02,101,52,8,4,1,5,174
2021-06-03,93,47,8,6,1,5,170
2021-06-04,88,39,9,3,1,6,167
2021-06-05,74,36,6,2,1,5,160
2021-06-06,61,25,6,1,1,3,153
2021-06-07,64,32,6,1,1,2,155
2021-06-08,64,42,6,1,1,3,155
2021-06-09,64,27,5,1,1,3,155
2021-06-10,50,21,5,1,1,2,136
2021-06-11,46,22,6,1,1,3,126
2021-06-12,42,16,6,6,1,4,117
2021-06-14,59,20,6,13,1,3,152
2021-06-15,44,12,6,13,1,3,121
2021-06-16,47,17,6,13,1,2,129
2021-06-17,42,15,7,14,1,2,117
2021-06-18,70,42,6,13,1,3,158
2021-06-19,62,36,6,14,1,2,154
2021-06-20,56,27,5,14,1,2,151
2021-06-21,134,95,6,14,1,4,191
2021-06-22,112,84,6,15,1,3,180
2021-06-23,106,74,6,15,1,4,177
2021-06-24,83,49,5,15,1,3,165
2021-06-25,65,38,6,15,1,3,155
2021-06-26,70,45,6,16,1,3,158
2021-06-28,78,35,6,15,1,5,162
2021-06-29,101,50,6,17,1,8,174
2021-06-30,104,49,5,15,1,10,176
2021-07-01,67,42,5,12,1,4,156
2021-07-02,66,37,6,14,1,4,156
2021-07-03,75,54,6,14,1,4,161
2021-07-04,93,59,6,14,1,5,170
2021-07-05,106,58,6,14,1,5,177
2021-07-06,101,49,6,14,1,5,174
2021-07-07,89,24,6,15,1,5,168
2021-07-08,67,17,5,15,1,3,156
2021-07-09,53,19,6,15,1,3,144
2021-07-10,55,20,6,13,1,3,149
2021-07-11,63,9,6,13,1,3,154
2021-07-12,41,16,5,14,1,3,114
2021-07-13,52,11,5,12,2,4,141
2021-07-14,42,18,5,12,40,4,117
2021-07-15,62,10,5,14,1,4,154
2021-07-16,48,20,5,16,1,3,131
2021-07-17,60,19,6,17,1,3,153
2021-07-18,59,7,5,16,1,3,152
2021-07-19,46,15,5,17,1,3,126
2021-07-20,52,8,8,15,5,6,141
2021-07-21,38,8,5,15,1,2,107
2021-07-22,46,8,5,16,1,2,126
2021-07-23,56,8,6,17,1,2,151
2021-07-24,54,8,6,17,1,2,146
2021-07-25,58,8,5,17,1,3,152
2021-07-26,56,8,6,18,1,2,151
2021-07-27,58,8,6,15,1,3,152
2021-07-28,48,8,5,15,1,3,131
2021-07-29,56,8,5,14,1,2,151
2021-07-30,53,8,6,13,1,3,144
2021-07-31,50,8,5,15,1,3,136
2021-08-01,50,8,5,15,1,3,136
2021-08-02,52,8,5,14,1,3,141
2021-08-03,60,8,5,14,1,3,153
2021-08-04,49,8,6,15,1,3,134
2021-08-05,56,8,5,12,1,4,151
2021-08-06,68,57,6,12,1,4,157
2021-08-07,79,51,5,14,1,4,163
2021-08-08,88,43,6,14,1,4,167
2021-08-09,81,50,6,14,1,4,164
2021-08-10,76,45,6,15,1,4,161
2021-08-11,73,42,6,15,1,4,160
2021-08-12,71,49,6,14,1,2,159
2021-08-13,77,46,5,14,1,4,162
2021-08-14,86,18,5,14,1,3,166
2021-08-15,86,18,5,14,1,4,166
2021-08-16,70,36,6,14,1,3,158
2021-08-17,75,20,5,14,1,4,161
2021-08-18,66,33,6,13,1,3,156
2021-08-19,59,29,6,14,1,3,152
2021-08-20,64,36,5,14,1,3,155
2021-08-21,74,38,6,15,1,4,160
2021-08-22,77,38,6,14,1,4,162
2021-08-23,80,38,6,18,1,8,163
2021-08-24,120,38,6,15,1,5,184
2021-08-25,89,38,6,14,1,5,168
2021-08-26,78,38,6,16,1,5,162
2021-08-27,91,38,5,16,1,4,169
2021-08-28,76,38,6,16,1,3,161
2021-08-29,75,38,6,16,1,3,161
2021-08-30,72,38,6,16,1,4,159
2021-08-31,83,38,6,16,1,4,165
2021-09-01,84,31,6,14,1,6,165
2021-09-02,103,25,5,15,1,5,175
2021-09-03,69,22,6,16,1,5,157
2021-09-04,66,15,5,17,1,5,156
2021-09-05,56,27,5,16,1,4,151
2021-09-06,57,12,6,15,1,3,151
2021-09-07,53,14,5,14,1,3,144
2021-09-08,53,18,5,12,1,3,144
2021-09-09,53,20,5,15,1,4,144
2021-09-10,53,21,5,12,1,1,144
2021-09-11,53,22,5,15,1,3,144
2021-09-12,53,18,5,12,1,3,144
2021-09-13,41,18,6,13,1,3,114
2021-09-14,60,18,5,14,1,3,153
2021-09-15,77,18,6,11,1,3,162
2021-09-16,74,39,6,9,1,4,160
2021-09-17,85,42,5,12,2,4,166
2021-09-18,92,42,5,12,2,4,169
2021-09-19,92,18,5,13,1,5,169
2021-09-20,79,7,5,13,1,4,163
2021-09-21,56,6,6,14,1,4,151
2021-09-22,60,16,6,13,1,4,153
2021-09-23,56,33,5,14,1,4,151
2021-09-24,57,32,5,14,1,3,151
2021-09-25,66,32,5,14,1,3,156
2021-09-26,66,19,6,15,1,5,156
2021-09-27,65,18,5,14,1,3,155
2021-09-28,60,32,6,13,1,5,153
2021-09-29,64,35,6,14,1,5,155
2021-09-30,72,66,5,18,1,8,159
2021-10-01,126,53,5,18,1,7,187
2021-10-02,88,47,5,17,1,5,167
2021-10-03,75,57,6,17,2,7,161
2021-10-04,112,67,6,17,1,8,180
2021-10-05,129,56,5,17,1,7,188
2021-10-06,92,52,6,17,1,5,169
2021-10-07,87,39,6,15,1,6,167
2021-10-08,89,27,5,16,1,4,168
2021-10-09,70,64,6,19,1,7,158
2021-10-10,125,81,6,18,3,7,186
2021-10-11,139,100,6,21,1,12,194
2021-10-12,160,102,6,19,1,10,210
2021-10-13,162,102,6,19,1,11,212
2021-10-14,161,92,6,19,1,7,211
2021-10-15,156,69,6,19,1,8,206
2021-10-16,143,51,5,16,1,6,196
2021-10-17,111,68,7,15,1,5,179
2021-10-18,147,74,7,15,1,6,198
2021-10-19,147,88,7,18,1,9,198
2021-10-20,156,82,7,17,1,8,206
2021-10-21,142,81,7,18,1,9,195
2021-10-22,146,85,8,18,1,7,197
2021-10-23,154,98,6,21,2,9,204
2021-10-24,158,94,7,18,1,9,208
2021-10-25,160,103,6,18,2,10,210
2021-10-26,160,105,6,18,1,9,210
2021-10-27,162,101,7,17,1,8,212
2021-10-28,163,107,7,21,1,11,213
2021-10-29,163,101,7,21,1,11,213
2021-10-30,162,88,6,19,1,7,212
2021-10-31,163,103,6,22,2,12,213
2021-11-01,161,81,6,21,1,9,211
2021-11-02,147,59,6,19,1,8,198
2021-11-03,104,65,6,22,1,7,176
2021-11-04,113,73,6,21,1,8,180
2021-11-05,131,89,6,21,2,10,189
2021-11-06,159,102,6,21,2,10,209
2021-11-07,163,101,7,21,1,11,213
2021-11-08,162,109,7,21,1,12,212
2021-11-09,163,110,8,21,1,11,213
2021-11-10,163,110,8,21,1,11,213
2021-11-11,163,99,8,21,2,10,213
2021-11-12,157,64,6,21,2,8,207
2021-11-13,106,67,6,21,1,9,177
2021-11-14,109,65,5,21,1,9,178
2021-11-15,107,54,5,3,1,8,177
2021-11-16,84,71,5,10,1,8,165
2021-11-17,106,78,6,11,1,11,177
2021-11-18,145,63,5,10,1,7,197
2021-11-19,122,47,6,11,1,7,185
2021-11-20,95,43,5,10,1,7,171
2021-11-21,93,72,6,10,1,9,170
2021-11-22,102,71,5,10,1,8,175
2021-11-23,123,84,5,12,1,8,185
2021-11-24,152,88,6,14,1,9,202
2021-11-25,151,98,5,14,1,11,201
2021-11-26,161,96,6,14,1,10,211
2021-11-27,160,96,5,15,1,9,210
2021-11-28,161,105,5,14,1,10,211
2021-11-29,163,104,6,16,1,9,213
2021-11-30,163,104,6,15,1,9,213
2021-12-01,163,97,6,15,1,9,213
2021-12-02,163,108,6,14,1,10,213
2021-12-03,162,102,6,13,1,9,212
2021-12-04,162,97,6,13,1,8,212
2021-12-05,159,85,6,12,1,8,209
2021-12-06,142,92,5,13,1,9,195
2021-12-07,156,100,6,14,1,9,206
2021-12-08,161,91,6,13,1,8,211
2021-12-09,159,75,5,13,1,9,209
2021-12-10,135,92,6,13,1,10,192
2021-12-11,159,102,6,15,1,10,209
2021-12-12,162,101,6,15,1,9,212
2021-12-13,162,106,6,15,1,10,212
2021-12-14,163,110,5,16,1,10,213
2021-12-15,163,106,6,15,1,10,213
2021-12-16,163,105,5,16,1,9,213
2021-12-17,161,108,6,16,1,11,211
2021-12-18,161,111,5,17,1,11,211
2021-12-19,162,109,6,17,1,10,212
2021-12-20,162,106,6,17,1,11,212
2021-12-21,161,110,6,19,1,13,211
2021-12-22,163,107,7,18,1,11,213
2021-12-23,163,103,6,17,1,11,213
2021-12-24,162,103,6,15,1,11,212
2021-12-25,163,112,6,17,1,12,213
2021-12-26,162,103,6,16,1,8,212
2021-12-27,162,93,5,16,1,8,212
2021-12-28,159,86,5,16,1,7,209
2021-12-29,153,92,5,17,1,8,203
2021-12-30,157,100,6,16,1,8,207
2021-12-31,161,103,5,18,1,10,211
2022-01-01,162,109,5,18,1,11,212
2022-01-02,163,105,5,16,1,9,213
2022-01-03,162,110,5,15,1,10,212
2022-01-04,164,102,5,17,1,7,214
2022-01-05,163,93,5,17,1,7,213
2022-01-06,154,83,5,16,1,7,204
2022-01-07,141,76,6,15,1,6,195
2022-01-08,120,86,5,16,1,8,184
2022-01-09,133,83,5,14,1,7,191
2022-01-10,136,73,5,14,1,6,192
2022-01-11,123,73,5,13,1,7,185
2022-01-12,137,69,5,14,1,7,193
2022-01-13,131,64,5,14,1,5,189
2022-01-14,116,63,5,15,1,6,182
2022-01-15,124,74,5,14,1,7,186
2022-01-16,146,79,5,15,1,8,197
2022-01-17,147,91,5,15,1,9,198
2022-01-18,159,95,6,14,1,10,209
2022-01-19,151,95,6,14,1,9,201
2022-01-20,147,82,5,13,1,7,198
2022-01-21,142,90,5,14,1,10,195
2022-01-22,135,72,5,13,1,6,192
2022-01-23,118,104,5,15,1,6,183
2022-01-24,160,111,6,15,1,7,210
2022-01-25,163,113,6,17,1,7,213
2022-01-26,163,112,5,17,1,7,213
2022-01-27,163,107,5,19,1,8,213
2022-01-28,160,97,6,19,1,8,210
2022-01-29,157,100,7,17,1,10,207
2022-01-30,159,105,6,16,1,12,209
2022-01-31,159,107,6,17,1,11,209
2022-02-01,162,102,6,16,1,10,212
2022-02-02,162,107,6,9,1,5,212
2022-02-03,160,96,7,11,1,6,210
2022-02-04,149,112,8,14,1,10,199
2022-02-05,162,111,6,17,1,8,212
2022-02-06,159,100,7,14,1,7,209
2022-02-07,155,103,9,13,1,7,205
2022-02-08,155,96,7,12,1,7,205
2022-02-09,155,98,9,12,1,7,205
2022-02-10,157,110,8,14,1,8,207
2022-02-11,162,104,7,16,1,8,212
2022-02-12,160,110,7,17,1,10,210
2022-02-13,158,100,8,14,1,8,208
2022-02-14,161,97,7,13,1,8,211
2022-02-15,160,92,7,13,1,6,210
2022-02-16,157,90,7,13,1,7,207
2022-02-17,155,89,6,13,1,6,205
2022-02-18,154,93,6,14,1,8,204
2022-02-19,153,94,7,12,1,9,203
2022-02-20,153,98,8,12,1,11,203
2022-02-21,154,106,8,12,1,10,204
2022-02-22,159,90,6,9,1,7,209
2022-02-23,155,83,7,8,1,6,205
2022-02-24,135,85,6,12,1,7,192
2022-02-25,120,83,6,11,1,6,184
2022-02-26,111,82,6,10,1,6,179
2022-02-27,109,77,6,12,1,6,178
2022-02-28,109,79,6,13,1,8,178
2022-03-01,107,84,6,13,1,8,177
2022-03-02,111,89,6,13,1,8,179
2022-03-03,131,90,7,13,1,7,189
2022-03-04,137,90,7,13,1,8,193
2022-03-05,145,95,6,13,1,7,197
2022-03-06,146,75,6,11,1,6,197
2022-03-07,132,102,7,14,1,9,190
2022-03-08,157,105,9,12,1,9,207
2022-03-09,159,106,7,12,1,10,209
2022-03-10,162,103,8,12,1,9,212
2022-03-11,163,102,9,11,1,9,213
2022-03-12,163,112,8,13,1,12,213
2022-03-13,163,108,8,13,1,12,213
2022-03-14,151,112,7,14,1,15,201
2022-03-15,155,107,7,14,1,13,205
2022-03-16,144,108,7,12,1,13,196
2022-03-17,153,100,9,11,1,10,203
2022-03-18,161,95,7,11,1,8,211
2022-03-19,159,90,7,12,1,7,209
2022-03-20,155,102,7,12,1,10,205
2022-03-21,161,99,7,12,1,9,211
2022-03-22,162,100,8,12,1,8,212
2022-03-23,163,104,7,11,1,9,213
2022-03-24,162,96,7,10,1,6,212
2022-03-25,162,94,7,9,1,7,212
2022-03-26,160,100,7,10,1,8,210
2022-03-27,159,99,8,10,1,9,209
2022-03-28,161,96,8,9,1,10,211
2022-03-29,157,100,8,10,1,9,207
2022-03-30,159,101,8,9,1,9,209
2022-03-31,158,100,7,9,1,8,208
2022-04-01,162,86,8,9,1,7,212
2022-04-02,157,85,8,8,1,6,207
2022-04-03,157,84,8,8,1,7,207
2022-04-04,152,83,7,9,1,6,202
2022-04-05,140,86,9,8,1,7,194
2022-04-06,145,92,9,9,1,6,197
2022-04-07,155,88,7,9,1,7,205
2022-04-08,136,75,7,8,1,7,192
2022-04-09,117,71,7,7,1,5,182
2022-04-10,103,77,7,8,1,6,175
2022-04-11,113,88,7,8,1,7,180
2022-04-12,127,88,7,8,2,8,187
2022-04-13,114,77,6,7,1,5,181
2022-04-14,110,87,7,7,1,6,179
2022-04-15,140,95,8,8,1,7,194
2022-04-16,139,81,8,7,1,6,194
2022-04-17,141,82,7,7,1,7,195
2022-04-18,149,82,7,7,1,6,199
2022-04-19,142,82,8,7,1,7,195
2022-04-20,146,85,7,8,1,7,197
2022-04-21,156,77,6,7,1,8,206
2022-04-22,148,74,6,6,1,8,198
2022-04-23,127,72,7,7,1,7,187
2022-04-24,122,100,7,8,1,11,185
2022-04-25,160,78,7,7,1,7,210
2022-04-26,139,92,7,7,1,9,194
2022-04-27,157,83,7,7,1,8,207
2022-04-28,152,80,7,8,1,10,202
2022-04-29,143,80,7,7,1,6,196
2022-04-30,148,91,7,8,1,10,198
2022-05-01,150,82,7,7,1,8,199
2022-05-02,131,93,8,8,1,9,189
2022-05-03,156,73,7,8,1,7,206
2022-05-04,128,90,8,9,1,11,188
2022-05-05,155,84,7,9,1,9,205
2022-05-06,146,86,9,8,1,7,197
2022-05-07,143,92,9,10,1,8,196
2022-05-08,153,99,9,9,1,10,203
2022-05-09,159,106,7,9,1,12,209
2022-05-10,159,63,6,6,1,7,209
2022-05-11,122,65,6,7,1,8,185
2022-05-12,110,72,8,7,1,7,179
2022-05-13,135,78,9,5,1,5,192
2022-05-14,138,78,9,5,1,5,193
2022-05-15,138,77,7,7,1,8,193
2022-05-16,142,64,7,5,1,6,195
2022-05-17,124,71,7,6,1,7,186
2022-05-18,135,59,6,6,1,6,192
2022-05-19,97,45,6,5,1,5,172
2022-05-20,90,72,6,4,1,3,168
2022-05-21,119,78,6,4,1,2,183
2022-05-22,108,62,6,3,1,3,178
2022-05-23,94,64,7,4,1,3,170
2022-05-24,99,88,7,4,1,5,173
2022-05-25,134,80,7,5,1,4,191
2022-05-26,132,69,7,4,1,4,190
2022-05-27,110,71,7,5,1,4,179
2022-05-28,98,76,7,5,1,4,172
2022-05-29,106,80,7,4,1,4,177
2022-05-30,124,75,8,5,1,4,186
2022-05-31,120,63,8,5,1,4,184
2022-06-01,111,80,8,5,1,6,179
2022-06-02,138,72,7,5,1,4,193
2022-06-03,119,87,7,6,1,6,183
2022-06-04,134,96,8,7,1,6,191
2022-06-05,149,56,7,5,1,4,199
2022-06-06,108,75,7,4,1,4,178
2022-06-07,106,65,7,5,1,4,177
2022-06-08,108,47,8,4,1,4,178
2022-06-09,84,33,7,4,1,3,165
2022-06-10,56,42,6,4,1,3,151
2022-06-11,52,43,6,5,1,4,141
2022-06-12,58,32,7,5,1,4,152
2022-06-13,55,39,10,6,1,5,149
2022-06-14,63,37,6,5,1,4,154
2022-06-15,74,59,6,6,1,6,160
2022-06-16,93,58,6,7,1,6,170
2022-06-17,104,57,6,6,1,6,176
2022-06-18,101,47,6,5,1,6,174
2022-06-19,90,33,6,4,1,4,168
2022-06-20,65,23,6,4,1,3,155
2022-06-21,47,34,6,4,1,4,129
2022-06-22,71,41,6,4,1,5,159
2022-06-23,95,26,6,4,1,4,171
2022-06-24,61,27,6,4,1,3,153
2022-06-25,53,34,7,4,1,3,144
2022-06-26,56,36,6,4,1,4,151
2022-06-27,66,26,6,3,1,3,156
2022-06-28,59,37,6,3,1,4,152
2022-06-29,71,32,6,3,1,3,159
2022-06-30,65,27,6,2,1,3,155
2022-07-01,57,41,5,2,1,4,151
2022-07-02,76,46,6,3,1,4,161
2022-07-03,77,40,6,2,1,4,162
2022-07-04,65,17,5,2,1,3,155
2022-07-05,43,23,6,2,1,3,119
2022-07-06,57,26,6,2,1,3,151
2022-07-07,61,24,5,2,1,3,153
2022-07-08,62,19,6,3,1,3,154
2022-07-09,52,22,6,2,1,3,141
2022-07-10,55,24,5,2,1,3,149
2022-07-11,55,24,5,2,1,3,149
2022-07-13,55,23,5,2,1,2,149
2022-07-14,59,33,5,2,1,3,152
2022-07-15,59,33,6,2,1,3,152
2022-07-16,67,25,6,2,1,4,156
2022-07-17,58,25,5,3,1,4,152
2022-07-18,57,37,5,3,1,3,151
2022-07-19,65,42,6,3,1,4,155
2022-07-20,72,44,6,3,1,4,159
2022-07-21,73,26,5,3,1,4,160
2022-07-22,59,21,5,2,1,4,152
2022-07-23,49,27,6,3,1,2,134
2022-07-24,59,33,6,3,1,4,152
2022-07-25,67,21,5,4,1,4,156
2022-07-26,57,50,6,4,1,7,151
2022-07-27,99,63,6,4,1,10,173
2022-07-28,127,59,6,4,1,11,187
2022-07-29,139,56,6,3,1,9,194
2022-07-30,110,45,6,3,1,4,179
2022-07-31,95,52,6,3,1,5,171
2022-08-01,109,47,6,2,1,5,178
2022-08-02,95,50,6,3,1,5,171
2022-08-03,108,49,6,2,1,4,178
2022-08-04,99,24,6,1,1,3,173
2022-08-05,62,21,5,1,1,3,154
2022-08-06,49,15,6,1,1,2,134
2022-08-07,46,12,9,1,1,3,126
2022-08-08,32,21,6,1,1,2,92
2022-08-09,52,27,6,1,1,2,141
2022-08-10,56,26,6,1,1,2,151
2022-08-11,57,22,6,1,1,2,151
2022-08-12,49,26,5,2,1,2,134
2022-08-13,50,20,5,3,2,3,136
2022-08-14,48,20,5,2,2,2,131
2022-08-15,44,29,5,1,2,3,121
2022-08-16,56,28,6,2,2,3,151
2022-08-17,66,33,5,4,2,3,156
2022-08-18,70,36,6,4,2,4,158
2022-08-19,78,28,5,4,2,3,162
2022-08-20,65,37,5,4,2,3,155
2022-08-21,75,31,5,4,2,3,161
2022-08-22,70,32,6,4,2,3,158
2022-08-23,65,33,5,4,2,3,155
2022-08-24,72,39,6,5,2,3,159
2022-08-25,79,48,6,6,2,4,163
2022-08-26,99,56,6,5,2,4,173
2022-08-27,113,59,6,5,2,4,180
2022-08-28,113,61,6,5,2,5,180
2022-08-29,149,57,6,6,2,5,199
2022-08-30,122,51,25,7,2,5,185
2022-08-31,111,53,5,5,1,4,179
2022-09-01,87,45,5,5,1,4,167
2022-09-02,84,47,5,5,1,5,165
2022-09-03,86,49,6,5,1,5,166
2022-09-04,55,41,6,5,1,5,149
2022-09-05,101,53,6,5,1,6,174
2022-09-06,122,40,6,4,1,5,185
2022-09-07,105,40,5,3,1,5,176
2022-09-08,81,25,5,3,1,4,164
2022-09-09,77,20,5,3,1,3,162
2022-09-10,56,15,5,3,1,3,151
2022-09-11,46,14,14,3,1,3,126
2022-09-12,40,25,5,2,1,3,112
2022-09-13,63,28,5,2,1,3,154
2022-09-14,72,23,5,2,1,3,159
2022-09-15,58,24,5,2,1,3,152
2022-09-16,62,26,5,2,1,3,154
2022-09-17,65,36,5,3,1,3,155
2022-09-18,74,29,5,3,1,3,160
2022-09-19,76,25,6,3,1,3,161
2022-09-20,73,39,6,4,1,3,160
2022-09-21,102,37,7,4,1,4,175
2022-09-22,97,37,6,4,1,4,172
2022-09-23,93,33,6,4,1,4,170
2022-09-24,81,44,5,5,1,4,164
2022-09-25,98,53,6,5,1,5,172
2022-09-26,128,47,13,6,1,6,188
2022-09-27,118,61,5,5,1,5,183
2022-09-28,144,53,6,6,1,9,196
2022-09-29,146,68,5,6,1,7,197
2022-09-30,146,57,5,7,1,6,197
2022-10-01,140,47,6,6,1,4,194
2022-10-02,110,57,6,6,1,5,179
2022-10-03,129,63,6,6,1,5,188
2022-10-04,139,72,7,7,1,7,194
2022-10-05,159,36,22,6,1,7,209
2022-10-06,95,51,5,6,1,5,171
2022-10-07,109,47,6,6,1,5,178
2022-10-08,105,49,5,7,1,6,176
2022-10-09,106,40,6,6,1,5,177
2022-10-10,89,49,5,6,1,5,168
2022-10-11,91,54,5,7,1,5,169
2022-10-12,110,56,5,7,1,7,179
2022-10-13,112,54,5,7,1,6,180
2022-10-14,114,59,5,7,1,6,181
2022-10-15,153,43,5,6,1,6,203
2022-10-16,94,43,5,6,1,6,170
2022-10-23,94,82,5,7,1,6,170
2022-10-24,158,94,6,8,1,7,208
2022-10-25,160,100,6,10,1,10,210
2022-10-26,161,90,6,9,1,8,211
2022-10-27,161,89,6,10,1,7,211
2022-10-28,161,97,5,12,1,7,211
2022-10-29,161,104,6,13,1,8,211
2022-10-30,161,99,6,12,1,7,211
2022-10-31,164,85,6,10,1,8,214
2022-11-01,160,106,6,12,1,11,210
2022-11-02,163,104,6,12,1,9,213
2022-11-03,163,100,6,12,1,8,213
2022-11-04,163,89,5,12,1,8,213
2022-11-05,161,101,6,13,1,8,211
2022-11-06,162,105,6,12,1,9,212
2022-11-07,163,103,6,11,1,8,213
2022-11-08,160,107,6,13,1,9,210
2022-11-09,162,96,6,13,1,7,212
2022-11-10,163,105,6,13,1,6,213
2022-11-11,163,108,6,13,1,8,213
2022-11-12,163,106,6,14,1,8,213
2022-11-13,162,107,6,14,1,8,212
2022-11-14,163,103,6,13,1,7,213
2022-11-15,163,95,6,14,1,8,213
2022-11-16,161,105,6,14,1,9,211
2022-11-17,162,108,6,15,1,9,212
2022-11-18,162,109,6,15,1,8,212
2022-11-19,163,106,6,16,1,7,213
2022-11-20,163,104,16,16,1,8,213
2022-11-21,162,108,6,16,1,8,212
2022-11-22,163,104,6,13,1,8,213
2022-11-23,163,106,5,13,1,9,213
2022-11-24,163,106,7,14,1,8,213
2022-11-25,163,109,6,16,1,8,213
2022-11-26,163,106,6,17,1,8,213
2022-11-27,162,101,6,17,1,7,212
2022-11-28,163,100,6,17,1,8,213
2022-11-29,159,107,6,16,1,8,209
2022-11-30,163,106,6,15,1,8,213
2022-12-01,163,109,6,14,1,8,213
2022-12-02,163,102,5,15,1,9,213
2022-12-03,159,108,5,14,1,9,209
2022-12-04,163,112,5,16,1,9,213
2022-12-05,163,111,6,17,1,9,213
2022-12-06,164,109,6,15,1,8,214
2022-12-07,162,105,6,17,1,6,212
2022-12-08,163,107,6,20,1,8,213
2022-12-09,163,106,5,18,1,8,213
2022-12-10,163,106,6,12,1,7,213
2022-12-11,147,106,5,10,1,6,198
2022-12-12,128,109,6,10,1,6,188
2022-12-13,126,92,5,11,1,6,187
2022-12-14,128,97,6,12,1,7,188
2022-12-15,156,99,5,13,1,7,206
2022-12-16,162,101,6,13,1,8,212
2022-12-17,163,106,6,15,1,7,213
2022-12-18,161,107,5,15,1,8,211
2022-12-19,163,109,5,16,1,9,213
2022-12-20,163,111,5,15,1,9,213
2022-12-21,163,107,5,16,1,8,213
2022-12-22,163,107,5,17,1,10,213
2022-12-23,161,112,6,20,1,9,211
2022-12-24,163,107,5,18,1,7,213
2022-12-25,162,97,5,15,1,7,212
2022-12-26,149,87,5,13,1,6,199
2022-12-27,123,75,5,12,1,6,185
2022-12-28,124,95,6,14,1,9,186
2022-12-29,159,99,5,14,1,7,209
2022-12-30,160,79,5,12,1,6,210
2022-12-31,161,79,5,12,1,6,211
2023-01-01,161,110,5,17,1,7,211
2023-01-02,163,102,5,15,1,6,213
2023-01-03,163,98,5,15,1,6,213
2023-01-04,161,102,6,17,1,7,211
2023-01-05,162,109,6,16,1,9,212
2023-01-06,163,110,5,16,1,8,213
2023-01-07,163,108,5,17,1,8,213
2023-01-08,161,107,5,17,1,10,211
2023-01-09,162,111,6,18,1,11,212
2023-01-10,164,109,6,18,1,8,214
2023-01-11,163,103,6,18,1,7,213
2023-01-12,161,106,6,17,1,7,211
2023-01-13,162,111,6,19,1,9,212
2023-01-14,162,102,5,16,1,8,212
2023-01-15,162,90,6,16,1,6,212
2023-01-16,162,94,5,19,1,6,212
2023-01-17,162,95,5,18,1,6,212
2023-01-18,162,99,6,19,1,6,212
2023-01-19,162,107,6,15,1,6,212
2023-01-20,160,107,20,16,1,8,210
2023-01-21,161,110,5,16,1,7,211
2023-01-22,159,109,10,16,1,7,209
2023-01-23,161,100,5,15,1,6,211
2023-01-24,131,103,5,15,1,6,189
2023-01-25,134,111,6,17,1,7,191
2023-01-26,157,110,6,18,1,7,207
2023-01-27,162,110,6,18,1,9,212
2023-01-28,163,110,6,18,1,8,213
2023-01-29,163,112,5,16,1,7,213
2023-01-30,161,108,5,16,1,8,211
2023-01-31,161,112,6,15,2,10,211
2023-02-01,163,112,6,17,1,8,213
2023-02-02,162,105,5,18,2,9,212
2023-02-03,154,112,6,21,1,10,204
2023-02-04,161,110,6,20,1,11,211
2023-02-05,159,110,6,18,1,8,209
2023-02-06,161,104,6,16,1,6,211
2023-02-07,159,110,6,16,1,7,209
2023-02-08,161,112,6,16,1,10,211
2023-02-09,161,108,6,16,1,10,211
2023-02-10,151,110,6,19,2,10,201
2023-02-11,156,108,6,18,1,10,206
2023-02-12,154,106,6,18,1,6,204
2023-02-13,137,108,6,19,1,9,193
2023-02-14,149,108,6,19,1,11,199
2023-02-15,149,112,5,20,1,11,199
2023-02-16,150,108,6,18,1,12,199
2023-02-17,154,110,6,20,1,9,204
2023-02-18,158,102,27,18,1,6,208
2023-02-19,153,98,14,20,1,15,203
2023-02-20,156,110,4,15,1,11,206
2023-02-21,162,112,5,15,1,9,212
2023-02-22,163,112,7,15,2,8,213
2023-02-23,162,112,6,15,1,9,212
2023-02-24,161,112,6,17,1,9,211
2023-02-25,162,111,6,17,1,9,212
2023-02-26,160,104,6,17,1,7,210
2023-02-27,157,105,6,17,1,7,207
2023-02-28,158,113,6,20,1,7,208
2023-03-01,160,106,6,19,1,8,210
2023-03-02,159,111,6,19,1,9,209
2023-03-03,163,112,6,21,1,9,213
2023-03-04,162,111,6,19,1,9,212
2023-03-05,162,110,6,20,1,9,212
2023-03-06,163,92,6,17,1,6,213
2023-03-07,142,98,6,16,1,8,195
2023-03-08,148,101,6,16,1,8,198
2023-03-09,157,101,6,16,2,8,207
2023-03-10,159,107,6,19,1,9,209
2023-03-11,161,106,7,19,1,10,211
2023-03-12,163,106,7,19,1,10,213
2023-03-13,163,102,6,19,1,9,213
2023-03-14,157,107,6,20,1,8,207
2023-03-15,161,90,5,15,1,8,211
2023-03-16,161,72,5,12,1,6,211
2023-03-17,126,67,5,11,1,6,187
2023-03-18,103,78,6,12,2,6,175
2023-03-19,118,85,5,12,1,5,183
2023-03-20,124,100,6,14,1,6,186
2023-03-21,148,87,7,12,2,7,198
2023-03-22,151,79,6,11,1,5,201
2023-03-23,105,94,6,13,1,6,176
2023-03-24,142,94,22,15,1,7,195
2023-03-25,137,82,6,20,1,12,193
2023-03-26,122,69,7,11,6,7,185
2023-03-27,103,89,6,8,1,7,175
2023-03-28,138,91,6,9,2,7,193
2023-03-29,132,78,6,9,1,6,190
2023-03-30,123,89,7,9,1,6,185
2023-03-31,143,89,7,9,1,6,196
2023-04-02,143,94,6,10,1,6,196
2023-04-03,132,71,6,10,1,5,190
2023-04-04,101,89,6,10,2,7,174
2023-04-05,135,97,5,10,2,11,192
2023-04-06,154,97,5,11,2,8,204
2023-04-07,132,98,6,11,2,8,190
2023-04-08,134,106,6,10,2,8,191
2023-04-09,138,107,5,11,1,8,193
2023-04-10,150,105,6,12,2,9,199
2023-04-11,151,97,6,10,2,7,201
2023-04-12,145,87,3,8,2,6,197
2023-04-13,151,81,4,9,2,8,201
2023-04-14,144,71,4,9,2,7,196
2023-04-15,103,91,4,9,2,9,175
2023-04-16,142,95,5,10,2,11,195
2023-04-17,154,108,4,10,3,8,204
2023-04-18,160,107,5,10,2,10,210
2023-04-19,161,109,4,10,2,9,211
2023-04-20,160,96,6,9,2,8,210
2023-04-21,145,60,4,8,1,6,197
2023-04-22,101,60,5,8,2,6,174
2023-04-23,121,60,5,8,2,6,184
2023-04-24,99,77,5,7,2,6,173
2023-04-25,91,43,6,5,2,4,169
2023-04-26,66,99,7,8,2,7,156
2023-04-27,151,88,6,8,2,7,201
2023-04-28,143,69,7,8,2,7,196
2023-04-29,101,68,6,8,2,6,174
2023-04-30,96,31,7,8,2,7,171
2023-05-01,52,31,7,8,2,7,141
2023-05-03,52,80,6,5,1,5,141
2023-05-04,128,80,6,4,2,4,188
2023-05-05,65,88,7,7,3,7,155
2023-05-06,128,96,10,5,2,6,188
2023-05-07,103,80,12,5,2,6,175
2023-05-08,113,68,14,4,1,6,180
2023-05-09,115,85,10,5,2,8,181
2023-05-10,130,94,12,8,2,17,189
2023-05-11,162,93,17,6,2,14,212
2023-05-12,148,91,16,7,2,12,198
2023-05-13,146,76,16,6,1,7,197
2023-05-14,110,74,15,4,2,6,179
2023-05-15,101,71,15,5,2,6,174
2023-05-16,103,69,16,5,2,6,175
2023-05-17,100,88,19,8,2,10,173
2023-05-18,127,90,21,7,2,10,187
2023-05-19,138,90,21,7,2,10,193
2023-05-21,138,44,21,4,2,4,193
2023-05-22,85,76,19,6,2,6,166
2023-05-23,131,73,21,6,2,6,189
2023-05-24,126,68,16,5,2,6,187
2023-05-25,103,63,13,5,1,5,175
2023-05-26,96,69,14,6,1,6,171
2023-05-27,114,82,13,7,2,8,181
2023-05-28,114,91,20,9,2,9,181
2023-05-29,152,81,14,8,2,7,202
2023-05-30,131,77,19,7,2,7,189
2023-05-31,131,74,25,6,2,7,189
2023-06-01,156,76,14,5,3,6,206
2023-06-02,121,71,10,6,2,4,184
2023-06-03,93,71,10,6,2,4,170
2023-06-05,93,64,8,7,2,5,170
2023-06-06,109,61,10,5,2,4,178
2023-06-07,92,57,11,4,2,4,169
2023-06-08,94,44,11,4,2,4,170
2023-06-09,65,36,10,3,2,3,155
2023-06-10,46,31,8,4,1,3,126
2023-06-11,46,40,9,4,2,3,126
2023-06-12,52,52,9,4,1,3,141
2023-06-13,68,51,8,4,1,3,157
2023-06-14,66,49,12,3,2,3,156
2023-06-15,61,53,9,4,1,4,153
2023-06-16,66,57,9,4,2,3,156
2023-06-17,82,73,9,4,1,4,164
2023-06-18,115,76,11,5,1,4,181
2023-06-19,90,89,11,6,1,6,168
2023-06-20,125,72,11,5,1,5,186
2023-06-21,114,63,10,5,2,5,181
2023-06-22,83,71,9,7,2,7,165
2023-06-23,99,63,8,5,2,4,173
2023-06-24,45,15,8,4,1,3,124
2023-06-25,33,23,8,4,1,3,94
2023-06-26,56,22,9,4,2,3,151
2023-06-27,56,26,9,4,1,3,151
2023-06-28,41,20,9,4,1,3,114
2023-06-29,35,19,10,4,1,3,99
2023-06-30,38,16,9,5,1,3,107
2023-07-01,39,20,7,5,1,4,109
2023-07-02,44,45,9,4,1,3,121
2023-07-03,34,25,7,5,2,3,97
2023-07-04,30,25,7,5,2,3,88
2023-07-05,30,11,8,3,2,3,88
2023-07-06,37,18,9,4,1,3,104
2023-07-07,76,19,8,4,2,3,161
2023-07-08,65,26,6,5,1,3,155
2023-07-09,60,38,9,4,2,3,153
2023-07-10,84,35,7,4,1,3,165
2023-07-11,82,36,8,4,2,4,164
2023-07-12,87,44,9,4,1,3,167
2023-07-13,89,29,9,4,1,3,168
2023-07-14,69,28,7,4,1,3,157
2023-07-15,66,28,6,5,2,3,156
2023-07-16,73,34,6,5,1,3,160
2023-07-17,66,21,6,5,2,3,156
2023-07-18,57,26,6,4,1,2,151
2023-07-19,59,18,6,5,1,2,152
2023-07-20,51,32,6,4,1,3,139
2023-07-21,60,34,6,4,1,3,153
2023-07-22,70,20,6,5,2,3,158
2023-07-23,60,43,6,4,1,3,153
2023-07-24,60,19,6,4,2,3,153
2023-07-25,54,22,6,4,1,3,146
2023-07-26,57,22,6,5,2,2,151
2023-07-27,42,25,6,4,1,2,117
2023-07-28,66,25,5,3,1,3,156
2023-07-29,66,25,5,5,2,3,156
2023-07-30,69,25,6,4,1,3,157
2023-07-31,80,31,6,3,1,3,163
2023-08-01,65,38,5,4,2,3,155
2023-08-02,104,44,5,5,2,3,176
2023-08-03,76,43,5,5,2,3,161
2023-08-04,79,47,5,5,1,3,163
2023-08-05,79,50,5,6,1,3,163
2023-08-06,77,53,5,6,2,3,162
2023-08-07,80,53,5,5,1,2,163
2023-08-08,96,69,5,6,2,3,171
2023-08-09,112,65,5,6,2,4,180
2023-08-10,107,67,5,7,2,4,177
2023-08-11,116,63,5,7,2,5,182
2023-08-12,107,59,5,7,1,4,177
2023-08-13,107,57,5,5,1,4,177
2023-08-14,104,51,5,4,2,3,176
2023-08-15,88,55,6,3,2,3,167
2023-08-16,85,63,6,4,2,4,166
2023-08-17,103,66,6,4,1,3,175
2023-08-18,110,47,6,3,1,3,179
2023-08-19,85,58,7,4,1,3,166
2023-08-20,90,58,7,4,2,4,168
2023-08-21,92,65,8,4,1,4,169
2023-08-22,103,53,7,5,1,3,175
2023-08-23,87,60,7,4,1,4,167
2023-08-24,84,42,7,5,1,3,165
2023-08-25,78,37,5,5,2,3,162
2023-08-26,74,42,5,6,2,3,160
2023-08-27,64,41,5,5,2,3,155
2023-08-28,68,55,5,5,1,3,157
2023-08-29,87,82,5,7,1,5,167
2023-08-30,129,97,7,7,1,6,188
2023-08-31,148,84,8,7,2,5,198
2023-09-01,141,56,9,6,2,5,195
2023-09-02,117,56,7,6,2,4,182
2023-09-03,37,54,8,6,2,4,104
2023-09-04,37,43,6,5,1,3,104
2023-09-05,48,54,8,4,2,4,131
2023-09-06,59,41,7,5,1,3,152
2023-09-07,31,34,7,3,2,3,90
2023-09-08,13,30,7,3,1,3,52
2023-09-09,20,32,6,5,2,4,67
2023-09-10,21,45,8,4,2,4,69
2023-09-11,26,48,6,6,1,4,80
2023-09-12,28,53,8,5,1,4,84
2023-09-13,37,63,9,5,1,4,104
2023-09-14,24,63,10,4,2,3,76
2023-09-15,46,63,8,4,2,3,126
2023-09-16,46,63,6,5,2,4,126
2023-09-17,46,63,6,5,2,3,126
2023-09-18,46,63,8,4,2,4,126
2023-09-19,46,56,7,4,2,4,126
2023-09-20,46,43,6,4,2,4,126
2023-09-21,80,84,5,5,1,5,163
2023-09-22,152,52,6,3,2,5,202
2023-09-23,103,54,5,3,1,5,175
2023-09-24,96,43,7,3,2,4,171
2023-09-25,30,52,8,3,2,4,88
2023-09-26,41,69,9,4,1,6,114
2023-09-27,73,58,6,4,1,9,160
2023-09-28,53,55,6,3,1,5,144
2023-09-29,48,55,6,3,1,5,131
2023-10-01,48,67,9,4,2,5,131
2023-10-02,68,83,12,4,1,5,157
2023-10-03,94,88,13,5,1,6,170
2023-10-04,104,81,9,6,1,7,176
2023-10-05,95,60,10,6,1,6,171
2023-10-06,62,66,10,6,1,7,154
2023-10-07,68,77,7,7,1,7,157
2023-10-08,79,82,9,8,1,9,163
2023-10-09,84,101,11,8,2,10,165
2023-10-10,113,92,23,10,1,9,180
2023-10-11,109,101,7,12,3,10,178
2023-10-12,129,101,9,10,1,10,188
2023-10-13,120,103,10,9,1,9,184
2023-10-14,130,99,8,9,1,9,189
2023-10-15,112,103,13,10,1,8,180
2023-10-16,126,87,18,9,1,7,187
2023-10-17,112,110,8,9,2,10,180
2023-10-18,156,103,11,9,1,10,206
2023-10-19,137,99,8,8,1,8,193
2023-10-20,144,101,8,9,1,8,196
2023-10-21,154,81,6,10,1,7,204
2023-10-22,151,69,10,8,1,8,201
2023-10-23,161,69,10,8,1,8,211
2023-10-24,161,77,12,7,3,8,211
2023-10-25,145,79,11,9,2,9,197
2023-10-26,133,84,10,10,2,9,191
2023-10-27,121,80,12,9,1,9,184
2023-10-28,146,77,7,10,2,7,197
2023-10-29,158,80,10,9,2,8,208
2023-10-30,156,88,13,10,1,9,206
2023-10-31,153,97,8,10,2,10,203
2023-11-01,161,92,8,10,2,9,211
2023-11-02,141,89,7,10,2,9,195
2023-11-03,130,87,8,8,2,9,189
2023-11-04,125,87,8,9,2,9,186
2023-11-05,162,96,7,8,2,9,212
2023-11-06,128,91,7,8,2,8,188
2023-11-07,115,111,6,9,1,10,181
2023-11-08,152,94,10,9,1,8,202
2023-11-09,139,100,12,10,1,9,194
2023-11-10,156,105,7,13,1,12,206
2023-11-11,163,105,7,13,1,12,213
2023-11-18,163,78,6,11,6,10,213
2023-11-19,128,69,6,10,6,10,188
2023-11-20,120,69,6,10,6,10,184
2023-11-21,120,81,8,9,6,7,184
2023-11-22,101,52,7,8,12,7,174
2023-11-23,69,12,6,8,1,7,157
2023-11-24,67,104,6,13,1,17,156
2023-11-25,159,88,7,11,3,11,209
2023-11-26,158,94,11,10,3,9,208
2023-11-27,134,66,8,10,7,8,191
2023-11-28,102,56,11,10,6,7,175
2023-11-29,92,42,7,9,6,7,169
2023-11-30,77,64,13,9,13,6,162
2023-12-01,109,64,14,13,5,11,178
2023-12-02,129,52,7,11,5,8,188
2023-12-03,110,73,8,12,5,12,179
2023-12-04,129,37,10,8,19,8,188
2023-12-05,96,37,10,8,19,8,171
2023-12-06,96,28,9,8,19,5,171
2023-12-07,80,76,13,10,10,9,163
2023-12-08,118,82,7,12,10,10,183
2023-12-09,134,75,8,11,5,9,191
2023-12-10,112,97,7,12,5,8,180
2023-12-11,142,75,12,10,9,8,195
2023-12-12,157,75,12,10,9,8,207
2023-12-13,157,74,7,13,10,8,207
2023-12-14,128,72,7,14,10,9,188
2023-12-15,136,86,7,14,6,10,192
2023-12-16,158,77,7,14,5,11,208
2023-12-17,156,78,35,13,9,9,206
2023-12-18,159,69,10,14,7,8,209
2023-12-19,147,76,12,14,129,9,198
2023-12-20,153,92,20,17,7,13,203
2023-12-21,157,100,20,16,1,16,207
2023-12-22,163,97,13,16,16,11,213
2023-12-23,160,99,9,14,6,13,210
2023-12-24,163,88,11,13,6,10,213
2023-12-25,163,91,12,16,6,13,213
2023-12-26,163,78,12,14,12,11,213
2023-12-27,156,77,8,14,6,10,206
2023-12-28,159,66,12,14,12,9,209
2023-12-29,137,61,7,13,12,6,193
2023-12-30,129,80,9,16,5,10,188
2023-12-31,152,70,8,14,5,9,202
2024-01-01,154,69,11,15,8,9,204
2024-01-02,158,73,12,14,12,8,208
2024-01-03,160,76,9,15,12,9,210
2024-01-04,158,71,10,14,12,8,208
2024-01-05,139,62,8,16,12,10,194
2024-01-06,115,54,9,14,7,7,181
2024-01-07,111,63,13,14,8,8,179
2024-01-08,132,66,10,16,8,9,190
2024-01-09,154,78,11,15,23,9,204
2024-01-10,158,82,20,16,37,10,208
2024-01-11,159,92,10,15,4,10,209
2024-01-12,158,76,13,13,4,10,208
2024-01-13,157,89,6,13,4,12,207
2024-01-14,162,72,12,12,4,9,212
2024-01-15,137,70,8,12,4,9,193
2024-01-16,152,71,10,12,25,8,202
2024-01-17,135,71,6,12,25,8,192
2024-01-18,163,55,7,14,1,11,213
2024-01-19,93,68,9,11,6,8,170
2024-01-20,99,49,9,10,9,6,173
2024-01-21,86,53,10,9,9,7,166
2024-01-22,95,53,15,9,9,8,171
2024-01-23,99,49,12,7,7,6,173
2024-01-24,95,74,13,12,5,10,171
2024-01-25,159,66,9,13,5,10,209
2024-01-26,140,59,9,11,23,10,194
2024-01-27,131,98,10,13,6,9,189
2024-01-28,145,106,12,13,6,9,197
2024-01-29,153,89,12,12,60,9,203
2024-01-30,143,83,14,12,1,8,196
2024-01-31,107,71,17,11,1,7,177
2024-02-01,84,86,30,10,27,8,165
2024-02-02,117,113,7,14,2,15,182
2024-02-03,156,93,10,11,10,8,206
2024-02-04,133,83,14,11,6,8,191
2024-02-05,119,85,11,11,6,9,183
2024-02-06,118,77,12,10,15,7,183
2024-02-07,115,79,26,9,6,10,181
2024-02-08,140,82,26,11,6,8,194
2024-02-09,120,88,10,9,8,7,184
2024-02-10,123,88,9,9,6,7,185
2024-02-11,114,83,10,10,6,6,181
2024-02-12,114,109,16,10,6,6,181
2024-02-13,66,106,7,11,6,8,156
2024-02-14,102,93,8,11,4,7,175
2024-02-15,88,81,8,13,9,9,167
2024-02-16,90,93,8,14,7,9,168
2024-02-17,112,102,7,16,2,12,180
2024-02-18,119,87,12,11,6,9,183
2024-02-19,107,58,13,8,1,7,177
2024-02-20,93,68,14,9,7,7,170
2024-02-21,116,82,12,11,8,9,182
2024-02-22,162,77,12,11,8,8,212
2024-02-23,161,88,8,10,8,6,211
2024-02-24,140,83,10,9,9,6,194
2024-02-25,97,73,9,8,23,6,172
2024-02-26,80,73,9,8,11,5,163
2024-02-27,76,75,10,10,11,7,161
2024-02-28,78,97,9,12,8,9,162
2024-02-29,104,104,10,11,8,7,176
2024-03-01,104,66,11,10,10,6,176
2024-03-02,84,69,12,10,8,6,165
2024-03-03,100,83,13,11,7,7,173
2024-03-04,112,87,15,10,4,8,180
2024-03-05,116,75,12,9,8,5,182
2024-03-06,96,77,17,10,13,6,171
2024-03-07,107,88,14,11,1,8,177
2024-03-08,123,78,11,11,4,9,185
2024-03-09,114,73,8,10,4,7,181
2024-03-10,98,58,8,9,4,5,172
2024-03-11,76,76,12,10,1,9,161
2024-03-12,118,78,14,8,1,7,183
2024-03-13,124,88,14,11,1,8,186
2024-03-14,138,88,14,11,1,8,193
2024-03-15,138,110,9,11,14,9,193
2024-03-16,125,82,9,9,6,7,186
2024-03-17,93,82,11,10,3,7,170
2024-03-18,82,81,11,10,5,8,164
2024-03-19,105,101,10,10,1,6,176
2024-03-20,124,87,12,10,8,7,186
2024-03-21,94,92,15,11,8,8,170
2024-03-22,107,92,13,11,12,9,177
2024-03-23,108,100,12,11,5,8,178
2024-03-24,120,101,13,11,5,8,184
2024-03-25,107,62,29,9,5,5,177
2024-03-26,96,97,15,11,1,7,171
2024-03-27,101,98,11,12,6,9,174
2024-03-28,110,78,10,10,6,8,179
2024-03-29,125,109,8,13,6,10,186
2024-03-30,121,87,13,11,8,8,184
2024-03-31,108,58,16,8,19,6,178
2024-04-01,89,58,16,8,19,6,168
2024-04-02,89,83,14,9,1,8,168
2024-04-03,110,73,12,9,1,7,179
2024-04-04,88,75,26,2,1,5,167
2024-04-05,93,75,26,2,1,5,170
2024-04-06,93,61,15,7,22,5,170
2024-04-07,93,90,8,11,2,8,170
2024-04-08,135,101,9,9,1,6,192
2024-04-09,106,94,13,10,1,8,177
2024-04-10,104,77,9,10,7,7,176
2024-04-11,82,77,9,10,7,7,164
2024-04-12,82,86,15,10,8,8,164
2024-04-13,96,94,9,11,15,8,171
2024-04-14,103,98,10,12,7,9,175
2024-04-15,116,76,10,12,9,9,182
2024-04-16,104,63,13,10,5,7,176
2024-04-17,102,79,19,9,5,8,175
2024-04-18,126,68,14,9,7,8,187
2024-04-19,114,80,8,11,1,9,181
2024-04-20,121,78,15,10,2,10,184
2024-04-21,117,88,13,10,2,7,182
2024-04-22,112,86,10,12,7,7,180
2024-04-23,95,65,14,11,1,7,171
2024-04-24,95,95,11,13,1,9,171
2024-04-25,117,95,11,13,1,9,182
2024-04-26,117,88,17,13,7,9,182
2024-04-27,137,81,13,12,7,7,193
2024-04-28,115,86,13,11,6,7,181
2024-04-29,98,55,13,9,1,6,172
2024-04-30,81,60,16,8,7,8,164
2024-05-01,102,70,21,8,7,9,175
2024-05-02,100,75,17,11,13,9,173
2024-05-03,111,79,15,10,6,7,179
2024-05-04,105,68,18,9,10,7,176
2024-05-05,102,87,25,10,10,8,175
2024-05-06,118,57,14,8,14,7,183
2024-05-07,73,37,15,8,6,5,160
2024-05-08,56,64,16,9,11,5,151
2024-05-09,72,46,11,9,27,5,159
2024-05-10,84,99,12,11,1,7,165
2024-05-11,92,99,12,11,1,7,169
2024-05-12,92,26,7,9,1,6,169
2024-05-13,57,87,18,10,1,7,151
2024-05-14,95,114,5,13,1,9,171
2024-05-15,88,35,9,5,1,5,167
2024-05-16,56,64,8,8,12,7,151
2024-05-17,64,89,8,8,1,7,155
2024-05-18,69,58,7,8,4,7,157
2024-05-19,102,37,11,6,4,5,175
2024-05-20,162,86,9,7,18,7,212
2024-05-21,149,97,9,9,10,7,199
2024-05-22,91,56,9,9,9,8,169
2024-05-23,84,43,8,6,9,6,165
2024-05-24,75,44,9,5,8,5,161
2024-05-25,83,24,8,5,8,4,165
2024-05-26,65,24,10,4,41,4,155
2024-05-27,76,37,9,4,41,3,161
2024-05-28,72,38,10,3,1,4,159
2024-05-29,59,38,10,4,5,4,152
2024-05-30,64,51,10,4,10,6,155
2024-05-31,77,112,9,14,1,10,162
2024-06-01,155,24,10,5,1,3,205
2024-06-02,42,36,10,7,1,6,117
2024-06-03,60,29,9,5,1,6,153
2024-06-04,57,12,11,4,8,5,151
2024-06-05,46,26,7,4,8,6,126
2024-06-06,76,29,8,5,18,6,161
2024-06-07,60,54,7,6,24,7,153
2024-06-08,68,17,6,4,24,5,157
2024-06-09,34,12,14,4,8,4,97
2024-06-10,43,7,10,4,7,4,119
2024-06-11,33,23,10,3,7,3,94
2024-06-12,39,8,9,4,2,3,109
2024-06-13,40,6,8,4,11,3,112
2024-06-14,22,4,8,3,13,3,71
2024-06-15,18,5,8,3,13,4,63
2024-06-16,23,7,6,6,13,8,73
2024-06-17,43,5,7,4,13,3,119
2024-06-18,26,10,8,3,13,3,80
2024-06-19,31,13,10,3,2,2,90
2024-06-20,35,28,7,2,12,3,99
2024-06-21,56,15,8,2,12,3,151
2024-06-22,43,13,9,2,10,5,119
2024-06-23,48,7,8,2,10,4,131
2024-06-24,23,8,10,2,7,4,73
2024-06-25,54,7,8,3,7,4,146
2024-06-26,23,3,8,3,1,3,73
2024-06-27,14,10,7,3,4,3,54
2024-06-28,71,11,8,3,4,2,159
2024-06-29,25,15,7,4,10,2,78
2024-06-30,32,11,7,3,10,3,92
2024-07-01,29,15,7,3,6,3,86
2024-07-02,27,6,7,3,8,4,82
2024-07-03,25,9,7,3,12,3,78
2024-07-04,22,13,7,4,12,4,71
2024-07-05,33,9,6,3,12,3,94
2024-07-06,24,7,7,3,12,3,76
2024-07-07,30,7,7,4,6,3,88
2024-07-08,28,4,7,4,6,2,84
2024-07-09,24,4,7,4,6,2,76
2024-07-10,24,7,7,4,1,3,76
2024-07-11,18,12,7,3,1,3,63
2024-07-12,71,7,7,4,1,3,159
2024-07-13,19,3,7,4,9,3,65
2024-07-14,14,10,7,4,9,4,54
2024-07-15,10,10,7,5,9,3,41
2024-07-16,17,9,8,3,1,1,61
2024-07-17,15,8,7,4,1,3,57
2024-07-18,11,9,8,3,1,2,45
2024-07-19,20,6,7,3,8,4,67
2024-07-20,14,9,6,4,15,2,54
2024-07-21,16,11,30,4,5,3,59
2024-07-22,12,9,6,3,5,2,50
2024-07-23,9,9,7,3,13,2,37
2024-07-24,15,5,7,3,1,2,57
2024-07-25,10,12,8,3,1,2,41
2024-07-26,25,14,7,3,6,3,78
2024-07-27,18,16,7,4,7,3,63
2024-07-28,22,13,7,4,10,4,71
2024-07-29,21,13,7,4,10,4,69
2024-07-30,21,15,7,3,1,2,69
2024-07-31,26,14,8,4,7,4,80
2024-08-01,21,11,8,3,6,3,69
2024-08-02,11,14,9,3,6,3,45
2024-08-03,16,16,7,4,7,4,59
2024-08-04,18,18,8,4,7,3,63
2024-08-05,26,15,7,4,7,3,80
2024-08-06,28,14,7,4,7,3,84
2024-08-07,21,19,7,4,8,5,69
2024-08-08,26,26,10,4,7,3,80
2024-08-09,41,17,9,3,7,4,114
2024-08-10,24,23,9,3,13,3,76
2024-08-11,28,33,8,4,7,5,84
2024-08-12,42,97,9,6,7,7,117
2024-08-13,73,105,9,8,8,8,160
2024-08-14,104,89,7,8,7,8,176
2024-08-15,86,111,9,5,2,7,166
2024-08-16,65,96,9,7,8,8,155
2024-08-17,85,67,8,7,7,8,166
2024-08-18,82,67,8,7,7,8,164
2024-08-19,82,68,13,7,11,11,164
2024-08-20,62,68,8,7,7,8,154
2024-08-21,67,66,8,5,7,5,156
2024-08-22,38,23,8,3,7,3,107
2024-08-23,14,10,7,3,9,3,54
2024-08-24,11,12,6,3,7,4,45
2024-08-25,14,10,7,2,5,3,54
2024-08-26,11,10,9,2,7,3,45
2024-08-27,13,12,8,3,7,4,52
2024-08-28,16,14,7,3,7,4,59
2024-08-29,16,20,7,4,7,4,59
2024-08-30,23,13,7,3,7,4,73
2024-08-31,22,6,7,3,7,3,71
2024-09-01,13,7,7,1,7,4,52
2024-09-02,12,16,7,2,7,4,50
2024-09-03,69,15,7,3,7,3,157
2024-09-04,49,11,7,2,3,4,134
2024-09-05,28,10,8,3,7,5,84
2024-09-06,41,14,7,3,5,4,114
2024-09-07,37,13,6,4,7,4,104
2024-09-08,28,13,10,3,7,3,84
2024-09-09,25,14,9,3,7,3,78
2024-09-10,23,17,9,3,8,3,73
2024-09-11,24,19,8,4,11,2,76
2024-09-12,45,30,10,4,7,3,124
2024-09-13,86,34,9,4,7,4,166
2024-09-14,73,26,8,4,7,5,160
2024-09-15,61,23,14,4,5,4,153
2024-09-16,59,23,14,4,5,4,152
2024-09-17,59,43,11,5,8,3,152
2024-09-18,76,53,13,6,7,6,161
2024-09-19,93,48,12,5,7,5,170
2024-09-20,87,26,10,5,8,4,167
2024-09-21,63,40,19,7,6,9,154
2024-09-22,83,36,9,5,10,7,165
2024-09-23,90,23,8,3,10,6,168
2024-09-24,59,16,10,2,7,3,152
2024-09-25,38,15,9,2,7,4,107
2024-09-26,28,19,8,2,7,4,84
2024-09-27,27,20,10,2,7,4,82
2024-09-28,27,48,7,4,7,7,82
2024-09-29,149,49,9,5,7,6,199
2024-09-30,119,72,8,5,7,8,183
2024-10-01,85,39,9,4,6,5,166
2024-10-02,40,35,12,4,8,5,112
2024-10-03,55,32,16,3,7,5,149
2024-10-04,66,44,10,4,7,9,156
2024-10-05,78,83,8,7,8,10,162
2024-10-06,106,106,13,7,7,8,177
2024-10-07,118,106,7,7,9,8,183
2024-10-08,101,111,7,7,2,10,174
2024-10-09,81,74,8,6,7,8,164
2024-10-10,58,49,8,5,8,7,152
2024-10-11,40,81,7,5,7,8,112
2024-10-12,64,112,7,6,7,9,155
2024-10-13,126,88,7,6,7,8,187
2024-10-14,100,99,8,6,7,8,173
2024-10-15,92,60,9,6,21,7,169
2024-10-16,73,67,8,5,2,6,160
2024-10-17,60,87,8,5,7,8,153
2024-10-18,68,106,8,6,8,6,157
2024-10-19,77,91,7,5,7,6,162
2024-10-20,70,97,9,7,7,6,158
2024-10-21,86,77,8,17,2,6,166
2024-10-22,78,73,12,30,9,8,162
2024-10-23,112,79,12,25,7,8,180
2024-10-24,145,68,13,23,2,6,197
2024-10-25,133,75,12,25,7,7,191
2024-10-26,115,76,9,26,6,8,181
2024-10-27,123,97,15,32,8,9,185
2024-10-28,150,78,16,34,2,10,199
2024-10-29,149,88,12,31,7,8,199
2024-10-30,146,112,8,33,7,7,197
2024-10-31,111,103,10,28,6,7,179
2024-11-01,114,104,9,31,7,8,181
2024-11-02,144,84,7,33,6,8,196
2024-11-03,119,93,11,34,7,8,183
2024-11-04,126,101,12,36,7,9,187
2024-11-05,143,103,13,35,6,9,196
2024-11-06,147,103,12,34,6,9,198
2024-11-07,144,92,8,29,1,7,196
2024-11-08,148,92,8,29,1,7,198
2024-11-11,148,112,7,40,2,10,198
2024-11-12,161,112,10,38,2,8,211
2024-11-13,162,108,9,34,2,9,212
2024-11-14,126,106,8,36,2,8,187
2024-11-15,154,110,11,40,2,9,204
2024-11-16,163,109,9,37,2,8,213
2024-11-17,162,112,12,40,1,8,212
2024-11-18,162,111,12,37,2,8,212
2024-11-19,164,112,11,38,2,8,214
2024-11-20,163,112,14,38,2,8,213
2024-11-21,163,112,13,38,1,9,213
2024-11-22,162,112,13,36,2,10,212
2024-11-23,162,112,9,36,1,9,212
2024-11-24,163,110,9,40,1,9,213
2024-11-25,162,110,8,33,2,9,212
2024-11-26,162,111,10,42,2,9,212
2024-11-27,163,110,9,41,1,7,213
2024-11-28,163,107,9,39,1,8,213
2024-11-29,163,110,8,42,1,10,213
2024-11-30,161,105,8,32,1,9,211
2024-12-01,151,43,7,30,2,8,201
2024-12-02,70,84,8,33,2,10,158
2024-12-03,103,107,7,33,2,9,175
2024-12-04,114,108,7,38,1,10,181
2024-12-05,140,97,7,37,1,9,194
2024-12-06,119,89,7,33,1,7,183
2024-12-07,119,67,7,32,2,8,183
2024-12-08,77,98,7,37,2,8,162
2024-12-09,148,110,10,41,2,10,198
2024-12-10,159,112,8,46,1,8,209
2024-12-11,160,104,15,40,2,8,210
2024-12-12,154,113,15,50,1,11,204
2024-12-13,162,113,12,53,1,9,212
2024-12-14,162,110,9,43,2,9,212
2024-12-15,163,112,10,44,2,10,213
2024-12-16,163,108,9,45,3,12,213
2024-12-17,154,110,12,40,2,12,204
2024-12-18,162,110,10,40,1,10,212
2024-12-19,149,87,11,39,1,9,199
2024-12-20,122,97,10,34,2,11,185
2024-12-21,143,101,8,37,1,8,196
2024-12-22,147,96,9,40,1,8,198
2024-12-23,140,101,9,41,1,9,194
2024-12-24,136,63,7,37,1,8,192
2024-12-25,62,55,7,33,1,8,154
2024-12-26,74,79,8,35,2,8,160
2024-12-27,107,100,8,35,2,10,177
2024-12-28,141,101,7,43,1,9,195
2024-12-29,137,101,7,43,1,9,193
2024-12-31,137,111,9,42,1,11,193
2025-01-01,163,106,7,40,2,8,213
2025-01-02,150,106,10,43,4,10,199
2025-01-03,152,109,11,41,2,12,202
2025-01-04,152,111,8,34,1,9,202
2025-01-05,156,102,11,39,3,9,206
2025-01-06,159,107,11,38,2,48,209
2025-01-07,161,110,12,41,2,3,211
2025-01-08,163,109,12,40,2,4,213
2025-01-09,160,110,9,43,1,2,210
2025-01-10,163,114,7,53,2,4,213
2025-01-11,163,90,7,42,2,3,213
2025-01-12,153,90,7,42,2,3,203
