date, pm25, pm10, o3, no2, so2, co
2025/1/1, 160, 105, 7, 20, 2, 12
2025/1/2, 149, 90, 8, 22, 4, 13
2025/1/3, 144, 96, 11, 23, 3, 13
2025/1/4, 143, 99, 13, 18, 3, 9
2025/1/5, 155, 68, 13, 17, 3, 5
2025/1/6, 152, 99, 10, 20, 2, 11
2025/1/7, 159, 106, 10, 21, 2, 12
2025/1/8, 163, 99, 15, 20, 2, 15
2025/1/9, 160, 100, 14, 20, 2, 7
2025/1/10, 163, 99, 7, 19, 2, 7
2025/1/11, 162, 83, 13, 14, 4, 8
2025/1/12, 156, , , , , 
2024/10/1, 111, 47, 3, 12, 2, 12
2024/10/2, 89, 60, 4, 13, 4, 18
2024/10/3, 111, 58, 3, 12, 2, 9
2024/10/4, 87, 67, 3, 13, 2, 11
2024/10/5, 97, 81, 4, 15, 3, 14
2024/10/6, 127, 91, 4, 35, 3, 16
2024/10/7, 136, 74, 3, 13, 2, 11
2024/10/8, 123, 36, 3, 11, 2, 14
2024/10/9, 54, 36, 5, 12, 2, 10
2024/10/10, 54, 25, 4, 12, 3, 9
2024/10/11, 33, 35, 2, 14, 1, 9
2024/10/12, 41, 23, 4, 13, 2, 15
2024/10/13, 56, 52, 4, 13, 1, 9
2024/10/14, 99, 50, 5, 13, 2, 8
2024/10/15, 87, 48, 29, 12, 3, 9
2024/10/16, 61, 31, 28, 11, 2, 5
2024/10/17, 47, 34, 14, 11, 2, 9
2024/10/18, 44, 44, 3, 12, 2, 7
2024/10/19, 60, 49, 3, 14, 2, 6
2024/10/20, 58, 62, 6, 12, 3, 17
2024/10/21, 82, 47, 3, 13, 3, 8
2024/10/22, 75, , , , , 
2024/10/24, 155, 111, 5, 16, 2, 13
2024/10/25, 161, 100, 3, 17, 2, 9
2024/10/26, 145, 90, 4, 16, 2, 16
2024/10/27, 148, 100, 7, 15, 3, 22
2024/10/28, 160, 94, 4, 16, 3, 20
2024/10/29, 161, 93, 6, 15, 2, 11
2024/10/30, 160, 75, 6, 14, 2, 5
2024/10/31, 141, 73, 6, 14, 3, 9
2024/11/1, 138, 97, 6, 13, 2, 5
2024/11/2, 157, 90, 6, 14, 2, 5
2024/11/3, 162, 99, 8, 15, 2, 9
2024/11/4, 159, 100, 8, 14, 2, 8
2024/11/5, 158, 102, 9, 15, 3, 8
2024/11/6, 153, 99, 9, 14, 3, 7
2024/11/7, 158, 99, 10, 16, 3, 7
2024/11/8, 158, 102, 4, 18, 3, 6
2024/11/9, 156, 102, 4, 16, 3, 10
2024/11/10, 160, 107, 4, 16, 4, 10
2024/11/11, 163, 103, 5, 16, 2, 7
2024/11/12, 158, 93, 6, 17, 2, 6
2024/11/13, 156, 89, 5, 15, 2, 9
2024/11/14, 145, 92, 5, 16, 2, 12
2024/11/15, 152, 105, 9, 18, 2, 8
2024/11/16, 161, 106, 12, 18, 3, 7
2024/11/17, 161, 104, 12, 19, 3, 7
2024/11/18, 162, 106, 12, 18, 3, 8
2024/11/19, 162, 107, 18, 16, 1, 7
2024/11/20, 162, 99, 9, 20, 3, 10
2024/11/21, 163, 110, 11, 21, 2, 10
2024/11/22, 163, 113, 12, 21, 3, 11
2024/11/23, 161, 110, 11, 20, 3, 10
2024/11/24, 163, 107, 8, 19, 2, 9
2024/11/25, 162, 106, 8, 20, 4, 9
2024/11/26, 162, 102, 8, 22, 2, 9
2024/11/27, 159, 110, 10, 23, 3, 10
2024/11/28, 162, 108, 10, 21, 3, 7
2024/11/29, 162, 103, 6, 19, 3, 8
2024/11/30, 158, 89, 5, 17, 2, 10
2024/12/1, 163, 50, 8, 15, 3, 5
2024/12/2, 100, 55, 4, 14, 3, 15
2024/12/3, 78, 56, 3, 13, 4, 8
2024/12/4, 100, 85, 7, 16, 2, 9
2024/12/5, 141, 67, 9, 13, 2, 5
2024/12/6, 129, 74, 4, 14, 3, 6
2024/12/7, 145, 46, 7, 13, 2, 6
2024/12/8, 97, 55, 7, 13, 1, 5
2024/12/9, 108, 97, 6, 17, 3, 8
2024/12/10, 158, 98, 8, 19, 3, 8
2024/12/11, 151, 102, 9, 18, 2, 12
2024/12/12, 155, 109, 10, 21, 3, 9
2024/12/13, 164, 110, 12, 20, 3, 9
2024/12/14, 163, 106, 13, 23, 3, 12
2024/12/15, 162, 102, 13, 22, 4, 13
2024/12/16, 162, 105, 12, 24, 4, 13
2024/12/17, 162, 108, 11, 25, 4, 10
2024/12/18, 161, 92, 13, 22, 3, 8
2024/12/19, 139, 91, 9, 17, 3, 8
2024/12/20, 153, 103, 7, 17, 3, 9
2024/12/21, 158, 82, 13, 16, 2, 7
2024/12/22, 152, 79, 10, 16, 2, 7
2024/12/23, 154, 87, 11, 17, 2, 10
2024/12/24, 145, 40, 6, 16, 2, 6
2024/12/25, 74, 42, 5, 16, 1, 6
2024/12/26, 95, 59, 6, 14, 2, 18
2024/12/27, 113, 62, 12, 15, 2, 8
2024/12/28, 136, 78, 10, 16, 2, 9
2024/12/29, 142, , , , , 
2024/7/1, 55, 49, 5, 11, 1, 6
2024/7/2, 65, 44, 4, 9, 2, 5
2024/7/3, 65, 43, 4, 11, 2, 5
2024/7/4, 56, 44, 3, 13, 2, 6
2024/7/5, 54, 41, 5, 11, 2, 5
2024/7/6, 44, 16, 3, 12, 3, 5
2024/7/7, 41, 54, 2, 12, 3, 6
2024/7/8, 50, 31, 2, 15, 1, 5
2024/7/9, 52, , , , , 
2024/7/11, 58, 39, 2, 15, 1, 6
2024/7/12, 49, 28, 3, 14, 4, 5
2024/7/13, 50, 20, 3, 13, 2, 6
2024/7/14, 41, 10, 4, 9, 5, 5
2024/7/15, 26, 13, 3, 14, 1, 5
2024/7/16, 45, 26, 2, 15, 1, 5
2024/7/17, 32, 14, 2, 14, 3, 5
2024/7/18, 16, 21, 4, 14, 3, 5
2024/7/19, 48, 14, 3, 13, 1, 5
2024/7/20, 37, 21, 2, 14, 2, 5
2024/7/21, 40, 17, 4, 13, 3, 6
2024/7/22, 33, 25, 3, 13, , 6
2024/7/23, 46, 25, 2, 13, 2, 6
2024/7/24, 25, 15, 1, 12, 4, 5
2024/7/25, 38, 30, 4, 11, 2, 5
2024/7/26, 43, 27, 3, 13, 1, 5
2024/7/27, 35, 36, 4, 14, 1, 7
2024/7/28, 51, 56, 3, 15, 3, 10
2024/7/29, 56, 50, 4, 14, 2, 6
2024/7/30, 62, 47, 2, 15, 1, 6
2024/7/31, 51, 40, 2, 14, 1, 6
2024/8/1, 50, 25, 3, 13, 1, 6
2024/8/2, 36, 37, 3, 13, 1, 5
2024/8/3, 46, 40, 2, 13, 1, 10
2024/8/4, 36, 48, 3, 14, 4, 15
2024/8/5, 60, 38, 1, 17, 2, 15
2024/8/6, 57, 34, 1, 16, 2, 17
2024/8/7, 51, 41, 2, 15, 2, 9
2024/8/8, 61, 54, 2, 18, 1, 9
2024/8/9, 74, 38, 2, 18, 3, 13
2024/8/10, 58, 55, 2, 18, 2, 7
2024/8/11, 78, 50, 1, 12, 2, 13
2024/8/12, 69, 72, 1, 14, 3, 10
2024/8/13, 87, 63, 5, 20, 2, 8
2024/8/14, 93, 52, 4, 19, 2, 8
2024/8/15, 96, 47, 2, 17, 3, 8
2024/8/16, 88, 61, 4, 19, 2, 7
2024/8/17, 102, 76, 5, 14, 2, 8
2024/8/18, 128, 58, 3, 12, 3, 13
2024/8/19, 83, 66, 1, 35, 2, 15
2024/8/20, 81, 48, 4, 46, 2, 27
2024/8/21, 81, , , , , 
2024/8/24, 33, 28, , 15, 2, 11
2024/8/25, 23, 43, 4, 15, 3, 12
2024/8/26, 43, 33, 3, 15, 2, 8
2024/8/27, 40, 38, 3, 16, 3, 9
2024/8/28, 52, 39, 4, 17, 4, 9
2024/8/29, 57, 54, 215, 18, 3, 9
2024/8/30, 71, 39, 2, 16, 2, 19
2024/8/31, 61, 51, 5, 13, 4, 13
2024/9/2, 31, 37, 2, 14, 3, 9
2024/9/3, 62, 41, 37, 14, 3, 19
2024/9/4, 53, 33, 1, 10, 2, 6
2024/9/5, 51, 37, 5, 8, 2, 5
2024/9/6, 57, 30, 19, 9, 1, 5
2024/9/7, 49, 28, 1, 8, 2, 7
2024/9/8, 50, 29, 5, 10, 2, 8
2024/9/9, 39, 31, 2, 9, 1, 13
2024/9/10, 40, 48, 2, 9, 3, 4
2024/9/11, 59, 42, 2, 10, 3, 8
2024/9/12, 58, 59, 2, 12, 2, 6
2024/9/13, 74, 66, 29, 36, 2, 6
2024/9/14, 84, 56, 10, 15, 3, 5
2024/9/15, 61, , 112, 32, 3, 10
2024/9/16, 68, , 61, 13, 3, 8
2024/9/17, 107, 103, 38, 11, 2, 6
2024/9/18, 106, 94, 64, , 2, 8
2024/9/19, 124, 72, 10, , 2, 6
2024/9/20, 99, 56, 5, , 2, 14
2024/9/21, 94, 67, 21, , 2, 14
2024/9/22, 99, 71, 9, , 3, 11
2024/9/23, 132, 52, 4, 106, 3, 10
2024/9/24, 82, 40, 72, 9, 3, 9
2024/9/25, 71, 30, 10, 8, 3, 14
2024/9/26, 49, 42, 383, 8, 2, 8
2024/9/27, 55, 43, 500, 9, 3, 10
2024/9/28, 58, 36, 6, 11, 5, 15
2024/9/29, 50, 46, 5, 31, 2, 13
2024/9/30, 76, 65, 11, 12, 2, 20
2024/6/12, 72, , , , , 
2024/6/19, 48, 47, 1, 12, 2, 10
2024/6/20, 64, 45, 1, 14, 2, 8
2024/6/21, 64, 63, 1, 13, 2, 11
2024/6/22, 88, 45, 1, 13, 1, 7
2024/6/23, 70, 35, 3, 13, 1, 6
2024/6/24, 51, 35, 3, 12, 1, 8
2024/6/25, 54, 38, 5, 12, 2, 7
2024/6/26, 46, 31, 7, 12, 1, 6
2024/6/27, 64, 33, 4, 72, 1, 3
2024/6/28, 44, 44, 4, 12, 2, 8
2024/6/29, 54, 36, 5, 12, 3, 6
2024/6/30, 54, 43, 5, 9, 4, 10
2023/10/1, 43, 78, 5, 22, 2, 6
2023/10/2, 74, 108, 4, 23, 2, 8
2023/10/3, 127, 110, 4, 26, 2, 9
2023/10/4, 130, 99, 5, 26, 2, 9
2023/10/5, 129, 104, 4, 27, 2, 8
2023/10/6, 116, 89, 4, 27, 6, 9
2023/10/7, 128, 84, 6, 25, 2, 8
2023/10/8, 133, 83, 6, 28, 2, 9
2023/10/9, 128, 93, 7, 27, 5, 9
2023/10/10, 156, 82, 5, 25, 3, 8
2023/10/11, 137, 84, 6, 27, 2, 8
2023/10/12, 136, 86, 6, 27, 2, 9
2023/10/13, 135, 85, 6, 27, 1, 8
2023/10/14, 143, 82, 8, 26, 2, 9
2023/10/15, 150, 81, 7, 24, 1, 9
2023/10/16, 152, 69, 8, 24, 2, 8
2023/10/17, 135, 84, 7, 27, 2, 8
2023/10/18, 140, 88, 5, 27, 2, 8
2023/10/19, 152, 85, 6, 27, 2, 8
2023/10/20, 151, 84, 6, 27, 2, 8
2023/10/21, 155, 74, 7, 29, 2, 7
2023/10/22, 130, 76, 8, 27, , 7
2023/10/23, 127, 76, 7, 26, 2, 8
2023/10/24, 123, 83, 6, 30, 2, 9
2023/10/25, 131, 87, 6, 30, 2, 8
2023/10/26, 138, 87, 10, 31, 2, 8
2023/10/27, 137, 93, 11, 33, 2, 8
2023/10/28, 144, 84, 8, 29, 1, 8
2023/10/29, 153, 90, 9, 27, 3, 8
2023/10/30, 158, 99, 8, 26, 2, 10
2023/10/31, 162, 94, 7, 19, 4, 12
2023/11/1, 161, 82, 6, 25, 2, 8
2023/11/2, 143, 70, 7, 23, 1, 8
2023/11/3, 132, 83, 5, 23, 1, 8
2023/11/4, 145, 92, 6, 22, 2, 8
2023/11/5, 162, 78, 5, 23, 2, 9
2023/11/6, 128, 58, 2, 20, 2, 8
2023/11/7, 100, 48, 5, 21, 1, 7
2023/11/8, 101, 68, 14, 19, 2, 8
2023/11/9, 138, 89, 9, 23, 1, 9
2023/11/10, 154, 79, 3, 23, 1, 8
2023/11/11, 154, , , , , 
2023/11/19, 132, , , , , 
2023/12/8, 144, 94, 1, 34, 3, 8
2023/12/9, 147, 99, 1, 36, 2, 8
2023/12/10, 153, , , , , 
2023/12/14, 150, 104, 1, 40, 2, 10
2023/12/15, 160, 110, , 38, 2, 9
2023/12/16, 162, 110, 1, 37, 2, 10
2023/12/17, 162, 98, 1, 40, 2, 8
2023/12/18, 161, 111, 2, 45, 1, 9
2023/12/19, 164, 112, 2, 42, 2, 9
2023/12/20, 162, 111, 2, 48, 4, 18
2023/12/21, 163, 111, 3, 46, 2, 14
2023/12/22, 162, 113, 3, 37, 4, 8
2023/12/23, 164, 112, 2, 42, 2, 10
2023/12/24, 163, 112, 2, 40, 1, 9
2023/12/25, 163, 111, 2, 44, 1, 9
2023/12/26, 163, 105, 2, 42, 1, 9
2023/12/27, 158, 108, 1, 44, 1, 8
2023/12/28, 162, , , , , 
2023/7/1, 43, 29, 1, , 2, 3
2023/7/2, 41, 31, 4, , 2, 2
2023/7/3, 36, 18, 1, , 2, 3
2023/7/4, 32, 21, 1, , 2, 2
2023/7/5, 38, 16, 1, , 2, 4
2023/7/6, 24, 16, 1, , 2, 3
2023/7/7, 29, 30, 1, , 2, 3
2023/7/8, 38, , , , 2, 3
2023/7/9, 40, 57, 1, , 2, 3
2023/7/10, 51, 53, 1, , 2, 2
2023/7/11, 67, 48, , , 2, 4
2023/7/12, 79, 59, 1, , 1, 2
2023/7/13, 76, 40, 1, , 2, 3
2023/7/14, 64, 37, 1, , 2, 3
2023/7/15, 60, 44, 1, , 2, 2
2023/7/16, 63, 28, , , 2, 2
2023/7/17, 53, 15, , , 2, 1
2023/7/18, 34, 13, , , 1, 4
2023/7/19, 15, 11, , , 1, 3
2023/7/20, 14, 13, , , 1, 3
2023/7/21, 17, 21, 1, , 1, 2
2023/7/22, 31, 16, 1, , 2, 1
2023/7/23, 25, 21, 1, , 2, 1
2023/7/24, 29, 10, 1, , 3, 2
2023/7/25, 23, 14, , , 1, 2
2023/7/26, 25, 8, , , 2, 2
2023/7/27, 14, 25, , , 2, 2
2023/7/28, 36, 43, 1, , 2, 1
2023/7/29, 44, 31, 3, , 2, 2
2023/7/30, 25, 30, 1, , 2, 2
2023/7/31, 44, 26, 1, , 2, 1
2023/8/1, 30, 30, , , 2, 1
2023/8/2, 40, 39, , , 2, 1
2023/8/3, 49, 44, 1, , 2, 2
2023/8/4, 54, 46, 1, , 2, 2
2023/8/5, 51, 34, 2, , 2, 1
2023/8/6, 36, 37, , , 2, 1
2023/8/7, 37, , , , , 
2023/8/29, 130, 94, 1, 4, 2, 7
2023/8/30, 104, 102, 2, 3, 1, 9
2023/8/31, 125, 98, 1, 3, 2, 9
2023/9/1, 130, 71, 1, 3, 2, 8
2023/9/2, 107, 28, 1, 3, 2, 7
2023/9/3, 53, 39, 1, 3, 2, 6
2023/9/4, 78, 52, 2, 2, 1, 5
2023/9/5, 76, 40, 3, 3, 1, 6
2023/9/6, 65, 17, 2, 3, 1, 6
2023/9/7, 29, 43, 2, 2, 2, 6
2023/9/8, 52, 90, 2, 2, 1, 7
2023/9/9, 54, 100, 2, 3, 1, 7
2023/9/10, 42, 93, 2, 3, 2, 6
2023/9/11, 73, 89, 2, 3, 2, 7
2023/9/12, 54, 53, 2, 3, 4, 8
2023/9/13, 61, 23, 2, 3, 1, 7
2023/9/14, 30, 58, 2, 3, 3, 7
2023/9/15, 81, 30, 2, 3, 1, 7
2023/9/16, 55, 21, 2, 3, 1, 7
2023/9/17, 51, 87, 2, 2, 2, 6
2023/9/18, 74, 83, 2, 3, 2, 7
2023/9/19, 71, 50, 2, 3, 1, 7
2023/9/20, 60, 37, 1, 3, 2, 7
2023/9/21, 50, , , , , 
2023/9/25, 88, 52, 2, 9, 2, 7
2023/9/26, 82, 60, 4, 15, 2, 8
2023/9/27, 111, 49, 4, 21, 2, 7
2023/9/28, 80, 45, 4, 20, 1, 7
2023/9/29, 67, 36, 3, 19, 2, 7
2023/9/30, 53, 72, 3, 19, 2, 4
2023/4/3, 89, 80, 2, , 4, 9
2023/4/4, 102, 61, 2, , 3, 12
2023/4/5, 98, 87, 3, , 4, 23
2023/4/6, 123, 67, 2, , 5, 14
2023/4/7, 110, 72, 2, 1, 4, 15
2023/4/8, 108, 82, 3, , 3, 10
2023/4/9, 115, 79, 3, , 4, 6
2023/4/10, 113, 87, 3, , 2, 12
2023/4/11, 120, 83, 3, , 3, 14
2023/4/12, 137, 85, 3, , 4, 16
2023/4/13, 138, 83, 3, , 3, 12
2023/4/14, 142, 77, 2, 1, 2, 14
2023/4/17, 127, 80, 4, 2, 2, 4
2023/4/18, 142, 93, 3, 3, 3, 13
2023/4/19, 152, 86, 3, 4, 2, 11
2023/4/20, 144, 80, 3, 4, 2, 13
2023/4/21, 132, 46, 2, 3, 3, 11
2023/4/22, 96, 76, 2, 2, 2, 14
2023/4/23, 123, 56, 2, , 2, 14
2023/4/24, 79, 34, 2, , 3, 4
2023/4/25, 61, , , , , 
2023/4/28, 135, 45, 1, , 3, 6
2023/4/29, 78, 43, 2, , 2, 10
2023/4/30, 82, 30, 2, , 2, 3
2023/5/1, 56, 27, 2, , 1, 14
2023/5/2, 55, 20, 2, , 10, 4
2023/5/3, 45, 20, , , 4, 6
2023/5/4, 30, 50, 2, , 2, 9
2023/5/5, 76, 54, 2, , 2, 7
2023/5/6, 94, 51, 3, , 1, 4
2023/5/7, 89, 60, 2, , 1, 10
2023/5/8, 100, 53, 3, , 1, 3
2023/5/9, 92, 59, 2, 1, 3, 11
2023/5/10, 105, 85, 2, , 2, 9
2023/5/11, 145, 88, 2, , 2, 8
2023/5/12, 128, 93, 3, , 3, 7
2023/5/13, 130, 81, 3, , 2, 7
2023/5/14, 105, 80, 2, , 2, 5
2023/5/15, 96, 73, 2, , 3, 4
2023/5/16, 94, 76, 2, , 2, 4
2023/5/17, 98, 75, 1, , 3, 7
2023/5/18, 122, 92, 2, , 3, 10
2023/5/19, 131, , , , , 
2023/5/22, 86, 71, 3, , 2, 6
2023/5/23, 118, 73, 2, , 2, 9
2023/5/24, 113, 77, 2, , 3, 6
2023/5/25, 98, 66, 1, , 3, 4
2023/5/26, 85, 65, 1, , 1, 8
2023/5/27, 85, , , , , 
2023/5/29, 122, 66, 3, 2, 2, 9
2023/5/30, 99, 74, 1, , 2, 6
2023/5/31, 112, 81, 2, , 2, 9
2023/6/1, 127, 90, 1, , 1, 12
2023/6/2, 119, 89, 1, , 2, 5
2023/6/3, 110, 59, 2, , 2, 3
2023/6/4, 76, , , , , 
2023/6/9, 70, 37, 1, , 2, 6
2023/6/10, 42, 34, 1, , 1, 4
2023/6/11, 38, 45, 1, , 2, 2
2023/6/12, 48, 59, 1, , 2, 3
2023/6/13, 61, 50, 1, , 4, 4
2023/6/14, 55, 54, 1, , 2, 4
2023/6/15, 57, 57, 1, , 2, 4
2023/6/16, 61, 62, 1, , 1, 6
2023/6/17, 65, 78, 2, , 2, 5
2023/6/18, 79, 104, 1, , 2, 5
2023/6/19, 99, 97, 1, , 2, 4
2023/6/20, 105, 76, 1, , 2, 3
2023/6/21, 93, 62, 1, , 4, 5
2023/6/22, 78, 63, 1, , 2, 4
2023/6/23, 78, 31, , , 2, 5
2023/6/24, 46, 6, 1, , 2, 3
2023/6/25, 9, , , , , 
2023/6/27, 71, 34, 1, , 1, 3
2023/6/28, 51, 22, 1, , 2, 4
2023/6/29, 33, 36, 1, , 2, 6
2023/6/30, 38, 32, 1, , 2, 2
2023/1/2, 149, 69, 5, , , 6
2023/1/3, 147, 63, 5, , , 2
2023/1/4, 122, 77, 4, , , 9
2023/1/5, 153, 105, 3, , 3, 7
2023/1/6, 163, 103, 3, , 7, 9
2023/1/7, 161, 95, 3, , 8, 4
2023/1/8, 140, 99, 5, , 9, 8
2023/1/9, 142, 104, 5, , 10, 14
2023/1/10, 152, 99, 6, , 7, 12
2023/1/11, 153, 88, 5, , 2, 4
2023/1/12, 150, 88, 6, , 2, 3
2023/1/13, 153, 76, 5, , 1, 2
2023/1/14, 149, 78, 9, , 2, 21
2023/1/15, 150, 59, 5, , , 3
2023/1/16, 114, 55, 5, , , 10
2023/1/17, 109, 52, 4, , 1, 12
2023/1/18, 137, , 3, , , 4
2023/1/19, 136, 81, 3, , 1, 4
2023/1/20, 144, 80, 3, , 3, 4
2023/1/21, 147, 73, 2, , 3, 13
2023/1/22, 146, 83, 2, , 2, 7
2023/1/23, 154, 55, 2, , 2, 2
2023/1/24, 92, 59, 2, , 2, 2
2023/1/25, 97, 68, 2, , 3, 1
2023/1/27, 122, 86, 2, , 3, 8
2023/1/28, 153, 82, 3, , 4, 9
2023/1/29, 160, 77, 3, 3, 2, 4
2023/1/30, 150, 85, 2, 4, 4, 13
2023/1/31, 149, 111, 2, 5, 9, 7
2023/2/1, 162, 102, 2, 6, 10, 7
2023/2/2, 147, 98, 2, 7, 13, 7
2023/2/3, 141, 105, 4, 7, 14, 7
2023/2/4, 152, 110, 3, 6, 16, 14
2023/2/5, 162, 101, 3, 5, 7, 9
2023/2/6, 158, 87, 3, 3, 3, 5
2023/2/7, 155, 98, 3, 4, 4, 4
2023/2/8, 156, 104, 2, 6, 12, 10
2023/2/9, 149, 101, 2, 6, 8, 11
2023/2/10, 142, 93, 2, 5, 8, 24
2023/2/11, 134, 93, 2, 6, 10, 9
2023/2/12, 138, 104, 1, 7, 13, 6
2023/2/13, 140, 104, 2, 6, 12, 14
2023/2/14, 141, 101, 2, 3, 12, 10
2023/2/15, 140, 106, 2, 3, 13, 8
2023/2/16, 137, 105, 2, 3, 13, 7
2023/2/17, 149, 105, 3, 2, 7, 6
2023/2/18, 157, 83, 3, 2, 3, 9
2023/2/19, 146, 88, 2, 2, 4, 7
2023/2/20, 150, 88, 2, 1, 6, 7
2023/2/21, 150, 97, 2, , 6, 4
2023/2/22, 152, 90, 2, , 5, 4
2023/2/23, 150, 99, 2, , 5, 4
2023/2/24, 157, 93, 2, , 5, 19
2023/2/25, 144, 92, 3, 1, 5, 18
2023/2/26, 139, 89, 5, 2, 3, 12
2023/2/27, 145, 78, 3, 2, 2, 8
2023/2/28, 138, 91, 3, 2, 3, 11
2023/3/1, 129, 86, 2, 2, 2, 9
2023/3/2, 138, 93, 1, 3, 3, 10
2023/3/3, 160, 95, 3, 3, 2, 9
2023/3/4, 156, 91, 2, 4, 3, 8
2023/3/5, 158, 95, 2, 4, 3, 7
2023/3/6, 159, 95, 1, 4, 3, 6
2023/3/7, 137, 87, 2, 4, 6, 11
2023/3/8, 144, 83, 2, 4, 3, 5
2023/3/9, 136, 78, 2, 5, 3, 9
2023/3/10, 144, 87, 2, 2, 3, 21
2023/3/11, 155, 88, 1, , 2, 7
2023/3/12, 155, , 3, , 2, 14
2023/3/13, 136, 64, 3, , 3, 22
2023/3/14, 125, , 3, , 5, 25
2023/3/15, 160, 76, 3, , 3, 13
2023/3/16, 149, 48, 2, , 3, 13
2023/3/17, 104, 42, 3, , 2, 20
2023/3/20, 90, 82, 3, , 4, 31
2023/3/21, 114, 78, 3, , 3, 13
2023/3/22, 123, 88, 2, , 7, 29
2023/3/23, 130, 87, 2, , 4, 24
2023/3/24, 124, 71, 3, , 4, 28
2023/3/25, 99, 66, 2, , 2, 12
2023/3/26, 110, 77, 2, , 4, 29
2023/3/27, 99, 92, 2, , 5, 20
2023/3/28, 133, 61, 3, , 3, 10
2023/3/29, 116, 82, 2, , 3, 18
2023/3/30, 106, 88, 1, , 3, 8
2023/3/31, 121, , , , , 
2022/10/1, 122, 59, 2, , 3, 35
2022/10/2, 87, 82, 2, , 5, 46
2022/10/3, 119, 91, 2, , 6, 53
2022/10/4, 134, 70, 2, , 3, 35
2022/10/5, 117, 39, 4, , 2, 29
2022/10/6, 70, 20, 3, , 3, 32
2022/10/7, 47, 31, 3, , 2, 28
2022/10/8, 62, 33, 3, , 3, 31
2022/10/9, 77, 22, 2, , 3, 30
2022/10/10, 41, 15, 3, , 2, 27
2022/10/11, 36, 54, 2, 1, 2, 28
2022/10/12, 72, 59, 21, 1, 4, 41
2022/10/13, 96, 68, 2, 2, 4, 38
2022/10/14, 122, 59, 1, 1, 5, 47
2022/10/15, 109, , 2, , 3, 30
2022/10/16, 38, , , , , 
2022/10/24, 120, 95, 2, , 3, 7
2022/10/25, 143, 102, 3, , 4, 10
2022/10/26, 153, 98, 3, , 2, 8
2022/10/27, 153, 89, 2, , 3, 4
2022/10/28, 142, 88, 2, , 3, 7
2022/10/29, 138, 101, 2, 1, 5, 6
2022/10/30, 150, 105, 3, 4, 4, 8
2022/10/31, 157, 95, 2, 1, 2, 7
2022/11/1, 154, 102, 2, , 2, 9
2022/11/2, 158, 101, 3, , 2, 9
2022/11/3, 159, 102, 2, , 3, 8
2022/11/4, 160, 93, 3, , 2, 9
2022/11/5, 156, 95, 3, , 1, 5
2022/11/6, 145, 96, 13, , 2, 8
2022/11/7, 153, 87, 10, , 1, 3
2022/11/8, 146, 100, 4, , 1, 4
2022/11/9, 162, 99, 4, , 3, 4
2022/11/10, 156, 106, 3, , 2, 4
2022/11/11, 159, 101, 3, , 3, 4
2022/11/12, 159, , , , , 
2022/11/15, 162, 100, 5, 3, 8, 9
2022/11/16, 153, 104, 4, , 14, 8
2022/11/17, 158, 102, 5, , 12, 7
2022/11/18, 157, 106, 5, , 12, 5
2022/11/19, 162, 102, 5, , 13, 5
2022/11/21, 156, 89, 5, , 9, 10
2022/11/22, 160, 107, 4, , 13, 11
2022/11/23, 161, 109, 5, 1, 5, 20
2022/11/24, 160, 99, 6, 2, 5, 11
2022/11/25, 162, 108, 4, , 11, 15
2022/11/26, 162, 107, 5, 1, 5, 12
2022/11/27, 163, 106, 4, 4, 5, 11
2022/11/28, 162, 105, 4, 4, 6, 10
2022/11/29, 160, 106, 6, 4, 6, 7
2022/11/30, 161, 107, 5, 3, 6, 9
2022/12/1, 161, 103, 5, , 2, 6
2022/12/2, 163, 83, 3, , 1, 5
2022/12/3, 152, 90, 5, , 2, 7
2022/12/4, 162, 104, 4, , 6, 5
2022/12/5, 163, 101, 4, , 8, 11
2022/12/6, 153, 107, 4, , 14, 9
2022/12/7, 162, 108, 4, , 12, 7
2022/12/8, 158, 108, 6, , 11, 7
2022/12/9, 162, 100, 4, , 14, 5
2022/12/10, 157, 114, 3, , 6, 5
2022/12/11, 120, 43, 5, , 1, 7
2022/12/12, 84, 31, 4, , , 5
2022/12/13, 61, 47, 4, , , 4
2022/12/14, 74, 71, 6, , 1, 4
2022/12/15, 131, 89, 6, , 3, 13
2022/12/16, 154, 97, 4, , 5, 7
2022/12/17, 161, 95, 6, , 6, 3
2022/12/18, 148, 99, 4, , 3, 20
2022/12/19, 154, 95, 4, 1, 5, 17
2022/12/20, 159, 101, 6, , 1, 8
2022/12/21, 153, 96, 4, , 5, 14
2022/12/22, 151, 98, 4, , 4, 8
2022/12/23, 152, 94, 5, , 2, 4
2022/12/24, 158, 67, 5, , , 3
2022/12/25, 125, 46, 3, , , 2
2022/12/26, 90, 48, 4, , , 4
2022/12/27, 82, 58, 6, , 6, 3
2022/12/28, 92, 83, 6, , 4, 4
2022/12/29, 126, 90, 4, , 3, 6
2022/12/30, 149, 91, 5, , 5, 6
2022/12/31, 147, 78, 6, , 2, 5
2023/1/1, 142, 72, 7, , 1, 11
2022/7/1, 60, 42, 1, 9, 1, 9
2022/7/2, 64, 56, 1, 9, 2, 7
2022/7/3, 88, 49, , 9, 3, 10
2022/7/4, 75, 21, , 8, , 13
2022/7/5, 48, 23, 1, 7, 2, 11
2022/7/6, 50, 27, 1, 7, 2, 8
2022/7/7, 56, 22, 1, 7, 1, 9
2022/7/8, 50, 10, , 7, 2, 1
2022/7/9, 30, , , 6, 2, 3
2022/7/10, 38, 18, , 6, 3, 2
2022/7/11, 39, 13, , 6, 1, 1
2022/7/12, 25, 11, , 6, 2, 1
2022/7/13, 29, 20, , 7, 7, 2
2022/7/14, 45, 38, , 7, 2, 3
2022/7/15, 54, 35, , 7, 1, 1
2022/7/16, 62, 18, , 7, 1, 2
2022/7/17, 38, 20, , 7, 2, 2
2022/7/18, 42, 49, , 9, 1, 1
2022/7/19, 64, 59, 1, 5, 2, 3
2022/7/20, 75, 76, 1, 3, 2, 11
2022/7/21, 93, 42, 1, 4, 1, 11
2022/7/22, 71, 32, , 4, 2, 11
2022/7/23, 58, 35, 1, 4, , 11
2022/7/24, 58, 46, 2, 2, 2, 2
2022/7/25, 70, 69, , 3, 5, 6
2022/7/26, 102, 55, , 4, 1, 
2022/7/27, 71, 59, 1, 5, 5, 21
2022/7/28, 110, 67, 7, 4, 1, 17
2022/7/29, 113, 40, 3, 4, 1, 17
2022/7/30, 61, 48, 2, 4, 1, 21
2022/7/31, 86, 70, 1, 5, 1, 19
2022/8/1, 109, 60, 1, 4, 1, 13
2022/8/2, 92, 64, 3, 4, 2, 27
2022/8/3, 113, 44, 2, 4, 3, 22
2022/8/4, 73, 28, 2, 4, 2, 24
2022/8/5, 53, 21, 2, 3, 1, 20
2022/8/6, 36, 19, 1, 4, 2, 26
2022/8/7, 47, 6, 4, 3, 1, 20
2022/8/8, 18, 22, 6, 2, 2, 25
2022/8/9, 26, 35, 6, 2, 2, 28
2022/8/10, 49, 34, 8, 2, 4, 27
2022/8/11, 41, 37, 6, 2, 3, 36
2022/8/12, 48, 30, 5, 1, 1, 22
2022/8/13, 31, 17, 4, , 2, 21
2022/8/14, 28, 16, 4, , 2, 25
2022/8/15, 26, 31, 6, , 1, 18
2022/8/16, 39, 43, 7, , 2, 23
2022/8/17, 46, 43, 4, , 3, 31
2022/8/18, 50, 49, 6, , 3, 34
2022/8/19, 60, 35, 5, , 3, 32
2022/8/20, 46, 32, 6, , 2, 25
2022/8/21, 44, 46, 5, , 3, 35
2022/8/22, 68, 39, 5, , 3, 33
2022/8/23, 60, 49, 4, , 5, 34
2022/8/24, 81, 73, 7, , 4, 40
2022/8/25, 99, 69, 5, , 6, 40
2022/8/26, 96, 82, 4, , 4, 35
2022/8/27, 114, 67, 6, , 3, 32
2022/8/28, 93, 86, 7, , 4, 41
2022/8/29, 142, 53, 11, , 3, 31
2022/8/30, 96, 35, 9, , 1, 21
2022/8/31, 61, 33, 9, 1, 1, 18
2022/9/1, 38, 34, 8, 1, 3, 29
2022/9/2, 47, 35, 12, 2, 2, 25
2022/9/3, 39, 51, 5, 2, 3, 35
2022/9/4, 66, 62, 7, 2, 4, 40
2022/9/5, 85, 57, 6, 3, 3, 32
2022/9/6, 101, 42, 6, 3, 3, 35
2022/9/7, 74, 43, 10, , 5, 50
2022/9/8, 66, 65, 9, , 5, 37
2022/9/9, 124, 27, 3, , 2, 27
2022/9/10, 65, 12, 1, , 2, 22
2022/9/11, 22, 21, 1, , 3, 31
2022/9/12, 39, 25, 1, , 2, 29
2022/9/13, 44, 30, 1, , 2, 30
2022/9/14, 60, 36, , , 2, 27
2022/9/15, 54, 22, , , 2, 22
2022/9/16, 50, 42, , , 1, 19
2022/9/17, 59, 35, , , 2, 24
2022/9/18, 48, 36, 1, , 2, 27
2022/9/19, 58, 37, 2, , 2, 29
2022/9/20, 67, 57, 2, , 2, 27
2022/9/21, 93, 44, 1, , 3, 34
2022/9/22, 82, 56, 1, , 3, 32
2022/9/23, 84, 41, 1, , 3, 33
2022/9/24, 64, 37, 1, , 2, 29
2022/9/25, 62, 57, 14, 1, 2, 30
2022/9/26, 102, 70, 2, , 3, 36
2022/9/27, 116, 73, 2, , 4, 43
2022/9/28, 133, 66, 1, , 4, 42
2022/9/29, 125, 85, 1, , 5, 50
2022/9/30, 141, 82, 2, , 4, 37
2022/4/1, 148, , 18, 18, , 7
2022/4/2, 138, , 22, 14, , 12
2022/4/3, 133, 79, 14, 34, , 3
2022/4/4, 120, 70, 15, 57, , 3
2022/4/5, 106, 73, 15, 23, , 1
2022/4/6, 100, , , , , 
2022/4/9, 92, 60, 13, 21, 1, 161
2022/4/10, 85, 70, 17, 24, , 201
2022/4/11, 79, 70, 17, 26, 1, 12
2022/4/12, 90, 57, 17, 26, 1, 2
2022/4/13, 80, 72, 12, 23, , 2
2022/4/14, 78, 73, 14, 27, , 2
2022/4/15, 101, 93, 11, 27, , 25
2022/4/16, 127, 78, 12, 29, 1, 11
2022/4/17, 114, 91, 14, 27, , 33
2022/4/18, 121, 112, 14, 29, , 9
2022/4/19, 124, 105, 14, 27, , 9
2022/4/20, 130, 76, 21, 17, 1, 16
2022/4/21, 125, 63, 14, 14, , 6
2022/4/22, 127, 66, 17, 16, , 13
2022/4/23, 113, 81, 15, 20, 1, 14
2022/4/24, 110, 89, 19, 19, , 14
2022/4/25, 117, 79, 15, 18, , 4
2022/4/26, 126, 85, 18, 19, 1, 6
2022/4/27, 134, 50, 14, 13, , 3
2022/4/28, 114, 76, 12, 17, 1, 13
2022/4/29, 111, 81, 12, 15, , 5
2022/4/30, 128, 89, , 16, , 6
2022/5/1, 118, 90, 5, 15, 5, 7
2022/5/2, 104, 97, 22, 16, 2, 8
2022/5/3, 127, 53, 19, 11, 1, 8
2022/5/4, 76, 69, 14, 15, 1, 14
2022/5/5, 102, 86, 13, 17, , 11
2022/5/6, 115, 80, 18, 13, , 17
2022/5/7, 108, 85, 19, 14, 3, 3
2022/5/8, 120, 105, 13, 16, 2, 14
2022/5/9, 148, 108, 12, 19, 2, 17
2022/5/10, 143, 71, 7, 14, 3, 6
2022/5/11, 98, 52, 13, 11, , 2
2022/5/12, 78, 71, 12, 12, , 3
2022/5/13, 100, 82, 17, 11, , 2
2022/5/14, 101, 66, 16, 11, 1, 1
2022/5/15, 110, 58, 11, 13, 1, 4
2022/5/16, 108, 65, 14, 11, , 15
2022/5/17, 104, 81, 9, 13, 1, 8
2022/5/18, 114, 48, 6, 11, 1, 11
2022/5/19, 62, 37, 6, 11, , 5
2022/5/20, 63, 73, 7, 11, 1, 9
2022/5/21, 115, 75, 2, 11, 2, 10
2022/5/22, 102, , , , , 
2022/5/26, 122, 87, 10, 11, , 3
2022/5/27, 100, 75, 5, 14, 2, 3
2022/5/28, 94, 112, 7, 10, 1, 16
2022/5/29, 81, 101, 7, 11, 1, 19
2022/5/30, 101, 85, 10, 11, 1, 3
2022/5/31, 107, 76, 7, 11, 3, 4
2022/6/1, 114, 89, 7, 15, 1, 14
2022/6/2, 125, 102, 7, 10, , 6
2022/6/3, 144, , , , , 
2022/6/7, 96, 64, 8, 11, 1, 4
2022/6/8, 88, 50, 8, 10, 1, 5
2022/6/9, 70, 27, 8, 10, 1, 3
2022/6/10, 37, 23, 6, 10, 1, 2
2022/6/11, 27, 18, 6, 10, 1, 6
2022/6/12, 26, 31, 5, 10, , 4
2022/6/13, 38, 42, 6, 11, 1, 2
2022/6/14, 61, 43, 5, 9, 1, 4
2022/6/15, 59, , 3, 12, , 3
2022/6/16, 77, , 6, 10, , 4
2022/6/17, 73, 63, 6, 11, 1, 8
2022/6/18, 77, 40, 2, 10, 1, 13
2022/6/19, 71, 33, 3, 9, , 8
2022/6/20, 63, 22, 1, 8, 2, 1
2022/6/21, 50, 38, , 10, 5, 7
2022/6/22, 64, 31, , 9, 1, 10
2022/6/23, 53, 28, 3, 9, 1, 6
2022/6/24, 42, 27, 3, 10, 2, 9
2022/6/25, 43, 26, 3, 10, 1, 9
2022/6/26, 49, 36, , 9, , 7
2022/6/27, 56, 25, 2, 9, 1, 12
2022/6/28, 46, 35, 2, 9, , 11
2022/6/29, 64, 34, 2, 8, 2, 10
2022/6/30, 53, 32, 2, 7, 2, 5
2022/1/3, 140, 97, 8, 30, 2, 5
2022/1/4, 158, 81, 11, 28, , 7
2022/1/5, 152, 73, 9, 30, , 7
2022/1/6, 138, 61, 8, 29, , 4
2022/1/7, 115, 47, 8, 21, , 2
2022/1/8, 85, 49, 7, 25, 5, 6
2022/1/9, 110, 58, 7, 22, , 4
2022/1/10, 108, 48, 7, 24, 17, 3
2022/1/11, 104, , 1, 29, 5, 7
2022/1/12, 148, 50, 4, 26, , 3
2022/1/13, 88, 43, 4, 27, 10, 2
2022/1/14, 87, 95, 2, 35, 1, 8
2022/1/15, 157, 66, 2, 23, 3, 4
2022/1/16, 150, 69, 6, 27, 1, 4
2022/1/17, 125, 85, 5, 31, 1, 6
2022/1/18, 146, 100, 5, 37, 1, 7
2022/1/19, 156, 89, 4, 35, 1, 5
2022/1/20, 145, 93, 3, 36, 1, 5
2022/1/21, 139, 68, 7, 32, , 6
2022/1/22, 126, 76, 2, 34, , 4
2022/1/23, 125, 113, 5, 34, 2, 5
2022/1/24, 162, 112, 8, 36, 1, 4
2022/1/25, 163, 112, 6, 39, 1, 8
2022/1/26, 163, 113, 10, 36, 1, 5
2022/1/27, 162, 103, 12, 33, 1, 5
2022/1/28, 140, 96, 8, 33, 4, 5
2022/1/29, 144, 105, 6, 38, 2, 9
2022/1/30, 159, 102, 9, 32, 14, 8
2022/1/31, 139, 93, 17, 34, 6, 7
2022/2/1, 154, 93, 13, 28, 7, 4
2022/2/2, 144, 84, 22, 25, 5, 4
2022/2/3, 150, 106, 7, 31, 5, 3
2022/2/4, 152, 112, 15, 36, 6, 8
2022/2/5, 151, 108, 17, 33, 6, 5
2022/2/6, 144, 94, 15, 29, 6, 6
2022/2/7, 146, 93, 18, 24, 5, 3
2022/2/8, 148, 78, 14, 18, 5, 6
2022/2/9, 127, 89, 17, 22, 5, 5
2022/2/10, 149, 103, 17, 26, 9, 7
2022/2/11, 159, 98, 9, 32, 5, 5
2022/2/12, 155, 94, 14, 31, 6, 6
2022/2/13, 141, 93, 18, 29, 5, 4
2022/2/14, 153, 83, 14, 27, 5, 4
2022/2/15, 151, 74, 13, 22, 7, 2
2022/2/16, 142, 72, 16, 21, 5, 7
2022/2/17, 141, 74, 17, 22, 4, 3
2022/2/18, 138, 67, 12, 24, 6, 3
2022/2/19, 122, 83, 11, 30, 7, 6
2022/2/20, 130, 105, 8, 38, 2, 9
2022/2/21, 148, 93, 21, 31, 5, 4
2022/2/22, 147, 78, 17, 26, 4, 5
2022/2/23, 125, 68, 14, 23, 4, 3
2022/2/24, 109, 61, 11, 25, , 3
2022/2/25, 97, 68, 14, 22, 6, 3
2022/2/26, 81, 45, 10, 21, , 2
2022/2/27, 54, 58, 6, 29, 2, 3
2022/2/28, 74, 70, 4, 31, 1, 5
2022/3/1, 112, 40, 10, 21, , 4
2022/3/2, 57, 69, 15, 29, 1, 5
2022/3/3, 94, 71, 14, 29, 1, 5
2022/3/4, 98, 117, 6, 32, 2, 5
2022/3/5, 151, 71, 11, 28, 2, 5
2022/3/6, 125, , , , , 
2022/3/9, 167, 107, 18, 27, 2, 5
2022/3/10, 161, 89, 18, 26, 1, 4
2022/3/11, 155, 101, 11, 33, 5, 7
2022/3/12, 159, 104, 14, 32, 6, 7
2022/3/13, 161, 89, 8, 31, 1, 10
2022/3/14, 132, 97, 12, 27, 3, 8
2022/3/15, 116, 99, 13, 29, 1, 7
2022/3/16, 132, 100, 14, 32, 3, 3
2022/3/17, 133, 91, 17, 27, 2, 7
2022/3/18, 136, 79, 17, 22, 1, 16
2022/3/19, 130, 68, 16, 22, , 28
2022/3/20, 124, 90, 15, 25, 1, 7
2022/3/21, 136, 89, 17, 21, 1, 3
2022/3/22, 154, 94, 12, 25, 1, 4
2022/3/23, 154, 84, 17, 17, 1, 6
2022/3/24, 151, 78, 16, 17, 1, 8
2022/3/25, 150, 78, 17, 18, 1, 10
2022/3/26, 139, 78, 15, 19, 1, 3
2022/3/27, 133, 91, 13, 23, 1, 2
2022/3/28, 145, 99, 14, 24, 7, 9
2022/3/29, 145, 100, 11, 26, 1, 7
2022/3/30, 146, 90, 11, 24, , 5
2022/3/31, 127, 96, 20, 22, , 22
2021/10/1, 76, 40, 4, 26, 4, 3
2021/10/2, 63, 34, 4, 26, , 3
2021/10/3, 62, 43, 4, 25, 10, 3
2021/10/4, 64, 56, 4, 27, 5, 3
2021/10/5, 94, 35, 5, 26, 5, 3
2021/10/6, 69, 34, 5, 25, 5, 3
2021/10/7, 58, 43, 5, 25, 5, 3
2021/10/8, 67, , , , , 
2021/10/12, 146, , , , , 
2021/10/16, 85, 28, 6, 20, 1, 3
2021/10/17, 71, 71, 5, 21, , 4
2021/10/18, 118, 96, 6, 27, 1, 4
2021/10/19, 133, 103, 6, 29, 1, 5
2021/10/20, 143, 106, 7, 30, 1, 6
2021/10/21, 149, 103, 3, 31, 1, 6
2021/10/22, 138, 94, 5, 31, 1, 6
2021/10/23, 141, 88, 5, 31, 1, 5
2021/10/24, 145, 100, 6, 32, 1, 5
2021/10/25, 156, 99, 5, 32, 1, 5
2021/10/26, 156, 112, 2, 36, 1, 6
2021/10/27, 164, 94, 3, 33, 1, 5
2021/10/28, 156, 94, 7, 21, 2, 5
2021/10/29, 157, 95, 6, 23, 4, 5
2021/10/30, 157, 93, 6, 22, 5, 4
2021/10/31, 155, 100, 10, 31, 5, 6
2021/11/1, 159, 72, 6, 27, 4, 5
2021/11/2, 128, 36, 5, 24, 4, 3
2021/11/3, 71, 56, 5, 26, 6, 4
2021/11/4, 100, 57, 4, 20, 8, 5
2021/11/5, 104, 75, 4, 28, 5, 4
2021/11/6, 141, 93, 7, 30, 4, 4
2021/11/7, 159, 92, 6, 30, , 39
2021/11/8, 149, 107, 9, 32, 2, 6
2021/11/9, 161, 108, 9, 36, 1, 6
2021/11/10, 163, 111, 8, 35, 5, 7
2021/11/11, 164, 92, 6, 31, 5, 6
2021/11/12, 140, 38, 2, 24, 8, 4
2021/11/13, 71, 41, 4, 26, 1, 5
2021/11/14, 71, 45, 4, 26, 5, 4
2021/11/15, 81, 29, 5, 25, 4, 3
2021/11/16, 63, 32, 4, 23, 4, 3
2021/11/17, 59, 68, 5, 28, 5, 6
2021/11/18, 120, 29, 2, 19, 11, 2
2021/11/19, 68, 14, 4, 23, 5, 3
2021/11/20, 47, 12, 11, 20, 5, 3
2021/11/21, 26, 44, 3, 22, , 4
2021/11/22, 66, 50, 3, 22, , 4
2021/11/23, 92, 68, 4, 25, 4, 4
2021/11/24, 129, 80, 5, 22, 4, 5
2021/11/25, 141, 97, 5, 30, 3, 5
2021/11/26, 154, 95, 5, 35, 1, 5
2021/11/27, 160, , , , , 
2021/11/29, 154, 92, 6, 32, 4, 5
2021/11/30, 151, 91, 11, 28, , 4
2021/12/1, 160, 89, 3, 32, , 5
2021/12/2, 164, 111, 3, 23, 35, 3
2021/12/3, 162, 108, 6, 28, 2, 8
2021/12/4, 162, 113, 3, 34, , 9
2021/12/5, 163, 90, 3, 26, 5, 5
2021/12/6, 123, 97, 2, 32, 2, 5
2021/12/7, 158, 74, 126, 25, , 10
2021/12/8, 131, 81, 2, 25, 1, 8
2021/12/9, 144, 77, 2, 22, 1, 14
2021/12/10, 125, 90, 3, 26, 2, 7
2021/12/11, 151, 101, 2, 31, , 4
2021/12/12, 162, 84, , 27, , 7
2021/12/13, 137, 105, 2, 28, , 7
2021/12/14, 162, 102, 3, 31, , 9
2021/12/15, 159, 105, 2, 35, 1, 7
2021/12/16, 157, 106, 2, 39, 1, 6
2021/12/17, 159, 103, 2, 40, 2, 7
2021/12/18, 155, 111, , 41, , 7
2021/12/19, 163, 102, 4, 36, 1, 10
2021/12/20, 159, 106, 4, 41, 2, 11
2021/12/21, 159, 98, 5, 40, 1, 6
2021/12/22, 152, 88, 9, 39, 2, 5
2021/12/23, 155, 87, 12, 35, , 4
2021/12/24, 155, 98, 10, 35, 1, 5
2021/12/25, 162, 93, 11, 31, 17, 10
2021/12/26, 160, 85, 11, 26, 7, 7
2021/12/27, 156, 69, 11, 23, , 5
2021/12/28, 141, 68, 5, 26, 1, 8
2021/12/29, 120, 79, 8, 23, , 4
2021/12/30, 126, 88, 14, 23, 2, 7
2021/12/31, 154, 92, 6, 31, 2, 7
2022/1/1, 160, 94, 6, 34, 8, 15
2022/1/2, 161, 90, 4, 33, 1, 6
2021/7/1, 49, 37, 3, 20, 4, 3
2021/7/2, 52, 59, 3, 21, 5, 2
2021/7/3, 70, 61, 3, 22, 5, 2
2021/7/4, 69, 67, 3, 24, 4, 3
2021/7/5, 85, 63, 3, 24, 9, 3
2021/7/6, 77, 48, 3, 23, 7, 2
2021/7/7, 63, 39, 3, 24, 5, 3
2021/7/8, 55, 31, 3, 23, 6, 2
2021/7/9, 45, 29, 3, 23, 10, 3
2021/7/10, 54, 19, 3, 23, 5, 2
2021/7/11, 46, 13, 3, 22, 7, 2
2021/7/12, 33, 14, 3, 22, 5, 2
2021/7/13, 33, 12, 3, 21, 7, 2
2021/7/14, 26, 15, 3, 22, 6, 2
2021/7/15, 27, 21, 2, 21, 5, 2
2021/7/16, 32, 27, 3, 22, 4, 2
2021/7/17, 41, 18, 3, 23, 10, 2
2021/7/18, 27, 12, 3, 21, 6, 2
2021/7/19, 25, 14, 4, 40, 4, 2
2021/7/20, 29, 10, 3, 22, 5, 2
2021/7/21, 27, 11, 9, 19, 2, 2
2021/7/22, 22, 22, 2, 23, 6, 2
2021/7/23, 38, 30, 2, 23, 6, 2
2021/7/24, 41, 28, 2, 19, 8, 1
2021/7/25, 37, 41, 5, 20, 10, 2
2021/7/26, 42, 35, 3, 21, 5, 1
2021/7/27, 42, 29, 3, 21, 5, 2
2021/7/28, 32, 32, 4, 21, 4, 2
2021/7/29, 37, 35, 3, 22, 5, 1
2021/7/30, 39, 27, 3, 23, 4, 2
2021/7/31, 37, 19, 4, 23, 4, 2
2021/8/1, 23, 25, 3, 22, 5, 2
2021/8/2, 33, 37, 4, 28, 5, 2
2021/8/3, 42, 23, 4, 31, 5, 2
2021/8/4, 26, 32, 4, 26, 6, 1
2021/8/5, 41, 44, 2, 26, 4, 2
2021/8/6, 56, 56, 3, 28, 5, 3
2021/8/7, 65, 63, 4, 29, 8, 2
2021/8/8, 78, 49, 4, 22, 5, 3
2021/8/9, 72, 60, 72, 23, 4, 3
2021/8/10, 81, 51, 1, 24, 5, 3
2021/8/11, 64, 53, 1, 27, 5, 3
2021/8/12, 69, 64, 1, 31, 6, 3
2021/8/13, 92, 51, 2, 26, 5, 3
2021/8/14, 75, 16, 1, 24, 5, 2
2021/8/15, 34, 61, 2, 17, 5, 4
2021/8/16, 90, 29, 1, 20, 4, 3
2021/8/17, 65, 25, 1, 20, 5, 2
2021/8/18, 53, 30, 2, 24, 5, 3
2021/8/19, 45, 34, 2, 25, 3, 3
2021/8/20, 47, 29, 3, 25, 5, 3
2021/8/21, 48, 24, 1, 26, 5, 2
2021/8/22, 32, 42, 3, 27, 5, 3
2021/8/23, 61, 51, 4, 27, 5, 3
2021/8/24, 87, 51, 4, 29, 4, 3
2021/8/25, 67, 38, 6, 22, 7, 4
2021/8/26, 60, 36, 3, 26, 5, 3
2021/8/27, 56, 20, 3, 26, 5, 3
2021/8/28, 40, 34, 4, 26, 7, 3
2021/8/29, 63, 22, 1, 24, 1, 2
2021/8/30, 60, 26, 4, 24, 5, 2
2021/8/31, 57, 29, 4, 26, 5, 3
2021/9/1, 55, 46, 4, 27, 5, 2
2021/9/2, 65, 36, 4, 26, 4, 3
2021/9/3, 57, 32, 4, 26, 4, 3
2021/9/4, 53, 15, 4, 26, 5, 2
2021/9/5, 28, 14, 4, 25, 4, 2
2021/9/6, 32, 9, 4, 24, 5, 2
2021/9/7, 25, 10, 4, 21, 4, 2
2021/9/8, 23, 20, 4, 22, 5, 2
2021/9/9, 24, 28, 4, 24, 5, 2
2021/9/10, 38, 25, 4, 24, 5, 2
2021/9/11, 29, 19, 4, 23, 5, 2
2021/9/12, 26, 16, 5, 23, 5, 3
2021/9/13, 32, 29, 5, 23, 5, 2
2021/9/14, 46, 55, 4, 23, 4, 2
2021/9/15, 65, 58, 4, 22, 6, 2
2021/9/16, 66, 63, 4, 24, 5, 2
2021/9/17, 72, 57, 4, 26, 4, 3
2021/9/18, 74, 55, 4, 26, 4, 3
2021/9/19, 74, 44, 4, 27, 5, 3
2021/9/20, 65, 27, 4, 26, 6, 3
2021/9/21, 48, 46, 4, 26, 5, 3
2021/9/22, 71, 33, 4, 28, 5, 3
2021/9/23, 53, 24, 4, 28, 5, 2
2021/9/24, 45, 56, 4, 28, 5, 3
2021/9/25, 64, 19, 5, 23, 7, 2
2021/9/26, 41, 40, 5, 19, 6, 5
2021/9/27, 71, 17, 6, 18, 5, 3
2021/9/28, 45, 26, 4, 27, 4, 3
2021/9/29, 56, 33, 4, 25, 5, 2
2021/9/30, 51, 47, 3, 27, 5, 3
2021/4/1, 151, 109, 7, 30, 5, 4
2021/4/2, 150, 110, 19, 27, 7, 5
2021/4/3, 153, 107, 21, 26, 5, 6
2021/4/4, 156, 109, 23, 25, 5, 7
2021/4/5, 160, 90, 14, 19, 4, 6
2021/4/6, 153, 89, 16, 18, 5, 5
2021/4/7, 138, 93, 17, 23, 5, 5
2021/4/8, 144, 88, 11, 24, 4, 5
2021/4/9, 145, 81, 12, 19, 4, 4
2021/4/10, 119, 61, 21, 18, 4, 4
2021/4/11, 85, 81, 13, 23, 6, 5
2021/4/12, 118, 69, 19, 18, 6, 4
2021/4/13, 102, 51, 11, 22, 6, 4
2021/4/14, 79, 54, 9, 21, 6, 4
2021/4/15, 87, 75, 8, 25, 5, 5
2021/4/16, 113, 75, 10, 82, 4, 5
2021/4/17, 122, 68, 15, 18, 5, 4
2021/4/18, 127, 70, 11, 20, 14, 3
2021/4/19, 130, 78, 19, 19, 5, 4
2021/4/20, 135, 69, 8, 20, 5, 4
2021/4/21, 111, 66, 16, 17, 5, 3
2021/4/22, 117, 60, 9, 21, 7, 4
2021/4/23, 94, 66, 13, 21, 6, 4
2021/4/24, 111, 72, 19, 21, 10, 3
2021/4/25, 127, 71, 9, 21, 5, 4
2021/4/26, 108, 67, 8, 24, 5, 4
2021/4/27, 98, 65, 11, 22, 5, 4
2021/4/28, 96, 74, 9, 30, 4, 4
2021/4/29, 116, 64, 17, 19, 7, 3
2021/4/30, 104, 66, 16, 19, 4, 3
2021/5/1, 115, 67, 15, 26, 5, 4
2021/5/2, 105, 57, 6, 25, 5, 4
2021/5/3, 84, 68, 7, 29, 4, 6
2021/5/4, 110, 57, 9, 27, 4, 3
2021/5/5, 88, 50, 5, 24, 4, 4
2021/5/6, 80, 44, 10, 22, 5, 2
2021/5/7, 68, 45, 10, 23, 5, 3
2021/5/8, 71, 35, 9, 22, 8, 2
2021/5/9, 50, 45, 10, 25, 5, 3
2021/5/10, 74, 58, 12, 24, 4, 3
2021/5/11, 90, 41, 15, 21, , 3
2021/5/12, 73, 46, 11, 23, 6, 2
2021/5/13, 83, 46, 10, 25, 5, 3
2021/5/14, 77, 16, 8, 17, 7, 1
2021/5/15, 29, 27, 7, 17, 6, 3
2021/5/16, 46, 31, 8, 22, 4, 2
2021/5/17, 48, 30, 8, 24, 9, 2
2021/5/18, 46, 22, 6, 25, 9, 2
2021/5/19, 37, 47, 5, 25, , 1
2021/5/20, 52, 63, 13, 24, , 3
2021/5/21, 78, 62, 14, 22, , 3
2021/5/22, 91, 70, 17, 25, , 4
2021/5/23, 98, 62, 11, 25, , 4
2021/5/24, 92, 89, 13, 28, , 4
2021/5/25, 107, 81, 10, 25, , 3
2021/5/26, 93, 59, 10, 21, , 2
2021/5/27, 67, 54, 8, 25, , 3
2021/5/28, 75, 53, 12, 24, , 3
2021/5/29, 73, 48, 15, 24, , 3
2021/5/30, 73, 41, 11, 28, , 3
2021/5/31, 67, 41, 6, 29, , 3
2021/6/1, 81, 34, 6, 25, , 4
2021/6/2, 70, 32, 7, 25, , 3
2021/6/3, 58, 33, 6, 27, , 2
2021/6/4, 54, 25, 5, 22, , 2
2021/6/5, 51, 28, 4, 25, , 2
2021/6/6, 47, 41, 4, 26, , 186
2021/6/7, 58, 46, 3, 22, , 145
2021/6/8, 58, 26, 4, 25, 3, 
2021/6/9, 45, 25, 4, 24, 4, 1
2021/6/10, 42, 26, 4, 22, 5, 1
2021/6/11, 42, 23, 4, 21, 5, 2
2021/6/12, 31, 14, 5, 24, 5, 2
2021/6/13, 31, 30, 4, 24, 22, 2
2021/6/14, 48, 16, 4, 24, , 2
2021/6/15, 18, 16, 2, 23, 16, 2
2021/6/16, 28, 32, 2, 21, 1, 2
2021/6/17, 38, 49, 4, 23, 7, 2
2021/6/18, 66, 39, 4, 24, 5, 2
2021/6/19, 55, 56, 4, 25, 4, 2
2021/6/20, 70, 96, 3, 28, 7, 2
2021/6/21, 121, 92, 3, 29, 7, 3
2021/6/22, 113, 82, 4, 32, 8, 3
2021/6/23, 106, 54, 4, 29, 5, 2
2021/6/24, 69, 36, 3, 28, 5, 2
2021/6/25, 49, 41, 2, 31, , 2
2021/6/26, 43, 30, 4, 30, 7, 1
2021/6/27, 47, 35, 3, 31, 4, 2
2021/6/28, 62, 51, 4, 30, 5, 2
2021/6/29, 74, 48, 4, 28, 5, 2
2021/6/30, 56, 37, 3, 46, 6, 2
2021/1/4, 145, 73, 18, 21, 6, 5
2021/1/5, 128, 75, 11, 23, 7, 6
2021/1/6, 138, 59, 7, 22, 2, 4
2021/1/7, 114, 74, 12, 21, 5, 5
2021/1/8, 133, 62, 14, 20, 7, 4
2021/1/9, 99, 71, 13, 23, 10, 4
2021/1/10, 133, 93, 19, 25, 5, 6
2021/1/11, 151, 94, 15, 27, 5, 6
2021/1/12, 147, 86, 18, 23, 4, 6
2021/1/13, 159, 81, 15, 23, 5, 6
2021/1/14, 148, 89, 26, 21, 5, 6
2021/1/15, 162, 87, 23, 21, 10, 6
2021/1/16, 160, 77, 11, 22, 16, 6
2021/1/17, 155, 68, 34, 21, 24, 6
2021/1/18, 144, , , , , 
2021/1/23, 160, 82, 25, 21, 6, 3
2021/1/24, 146, 74, 21, 17, 5, 5
2021/1/25, 141, 76, 20, 21, 5, 4
2021/1/26, 142, 77, 24, 20, 4, 4
2021/1/27, 147, 77, 22, 20, 4, 5
2021/1/28, 154, 80, 11, 19, 2, 5
2021/1/29, 149, 83, 10, 20, 7, 5
2021/1/30, 149, 99, 12, 20, 8, 6
2021/1/31, 161, 99, 15, 29, 7, 6
2021/2/1, 161, 99, 10, 33, 5, 7
2021/2/2, 141, 94, 13, 31, 5, 6
2021/2/3, 136, 85, 15, 30, 6, 5
2021/2/4, 134, 83, 19, 26, 4, 5
2021/2/5, 134, 90, 18, 28, 5, 5
2021/2/6, 140, 106, 5, 38, 10, 6
2021/2/7, 160, , , , , 
2021/2/9, 158, 94, 11, 39, 5, 6
2021/2/10, 144, 82, 18, 31, 5, 5
2021/2/11, 141, 75, 18, 28, 5, 5
2021/2/12, 129, 81, 24, 29, 4, 5
2021/2/13, 137, 74, 20, 27, 5, 5
2021/2/14, 128, 75, 21, 26, 5, 4
2021/2/15, 127, 73, 17, 25, 6, 5
2021/2/16, 140, 78, 22, 28, 4, 4
2021/2/17, 145, 77, 27, 24, 4, 4
2021/2/18, 135, 86, 9, 33, 5, 5
2021/2/19, 149, 90, 13, 33, 5, 6
2021/2/20, 150, 61, 19, 26, 4, 4
2021/2/21, 108, 92, 7, 35, 5, 7
2021/2/22, 154, 90, 11, 34, 6, 6
2021/2/23, 148, 86, 19, 33, 5, 6
2021/2/24, 146, 88, 17, 35, 6, 6
2021/2/25, 144, 94, 17, 35, 6, 6
2021/2/26, 153, 102, 9, 57, 10, 8
2021/2/27, 152, 92, 15, 31, 5, 6
2021/2/28, 138, 86, 12, 29, 5, 5
2021/3/1, 143, 92, 9, 28, 5, 6
2021/3/2, 148, 98, 8, 30, 4, 6
2021/3/3, 149, 86, 26, 29, 4, 6
2021/3/4, 142, 79, 23, 27, 4, 4
2021/3/5, 126, 84, 15, 29, 5, 5
2021/3/6, 132, 81, 29, 22, 5, 5
2021/3/7, 139, 80, 38, 22, 4, 5
2021/3/8, 142, 79, 23, 22, 5, 6
2021/3/9, 135, 75, 27, 24, 6, 5
2021/3/10, 119, 64, 24, 23, 4, 4
2021/3/11, 98, 56, 14, 20, 12, 4
2021/3/12, 77, 72, 10, 26, 5, 5
2021/3/13, 87, 60, 24, 26, 5, 5
2021/3/14, 98, 75, 27, 18, 4, 5
2021/3/15, 123, 79, 15, 25, 5, 6
2021/3/16, 135, 85, 28, 21, 4, 6
2021/3/17, 153, 75, 23, 18, 7, 5
2021/3/18, 147, 83, 16, 21, 4, 5
2021/3/19, 130, 79, 26, 21, 4, 5
2021/3/20, 131, 94, 30, 24, 5, 5
2021/3/21, 143, 106, 12, 26, 4, 8
2021/3/22, 161, 104, 24, 27, 5, 8
2021/3/23, 158, 96, 35, 25, 5, 8
2021/3/24, 151, 106, 9, 34, 5, 9
2021/3/25, 157, 106, 21, 27, 3, 8
2021/3/26, 160, 109, 19, 31, 4, 9
2021/3/27, 160, 105, 12, 26, 6, 6
2021/3/28, 160, 95, 19, 17, 6, 5
2021/3/29, 155, 101, 13, 27, 5, 6
2021/3/30, 159, 101, 15, 32, 5, 5
2021/3/31, 140, 105, 7, 33, 5, 5
2020/10/1, 109, 73, 11, 18, 4, 3
2020/10/2, 100, 96, 8, 22, 4, 4
2020/10/3, 124, 76, 9, 19, 4, 4
2020/10/4, 111, 83, 9, 21, 4, 4
2020/10/5, 121, 96, 11, 21, 25, 4
2020/10/6, 140, 98, 10, 23, 4, 5
2020/10/7, 153, 86, 8, 23, 4, 5
2020/10/8, 144, 65, 7, 20, 4, 4
2020/10/9, 125, 49, 6, 21, 4, 4
2020/10/10, 79, 36, 5, 13, 4, 4
2020/10/11, 66, 48, 7, 20, 2, 5
2020/10/12, 82, 59, 4, 19, 2, 4
2020/10/13, 90, , , , , 
2020/10/15, 54, 42, 8, 15, 3, 3
2020/10/16, 73, 48, 10, 14, 3, 3
2020/10/17, 75, 44, 9, 16, 4, 4
2020/10/18, 63, 61, 8, 17, 5, 5
2020/10/19, 82, 44, 8, 171, 2, 6
2020/10/20, 99, 88, 6, 22, 4, 8
2020/10/21, 146, 103, 9, 25, 3, 8
2020/10/22, 160, 104, 13, 26, 3, 8
2020/10/23, 157, 93, 14, 26, 3, 6
2020/10/24, 148, 77, 15, 24, 3, 6
2020/10/25, 145, 90, 12, 22, 2, 6
2020/10/26, 151, 100, 14, 27, 3, 7
2020/10/27, 155, 102, 13, 29, 3, 7
2020/10/28, 156, 102, 14, 29, 3, 8
2020/10/29, 160, 108, 9, 28, 4, 6
2020/10/30, 163, 108, 13, 29, 8, 7
2020/10/31, 163, 106, 13, 27, 7, 8
2020/11/1, 160, 108, 16, 27, 11, 8
2020/11/2, 162, 110, 18, 25, 8, 7
2020/11/3, 162, 108, 14, 30, 8, 8
2020/11/4, 155, 100, 13, 29, 10, 7
2020/11/5, 146, 110, 7, 32, 9, 7
2020/11/6, 162, 102, 15, 23, 10, 6
2020/11/7, 161, 96, 14, 25, 10, 5
2020/11/8, 151, 102, 17, 29, 8, 6
2020/11/9, 161, 104, 22, 29, 5, 7
2020/11/10, 162, 96, 16, 32, 7, 6
2020/11/11, 140, 69, 5, 26, 6, 6
2020/11/12, 110, 51, 8, 21, 7, 5
2020/11/13, 72, 75, 12, 22, 4, 5
2020/11/14, 114, 63, 12, 19, 7, 4
2020/11/15, 115, 68, 11, 20, 5, 5
2020/11/16, 117, 79, 13, 22, 4, 6
2020/11/17, 129, 52, 8, 19, 5, 4
2020/11/18, 75, 39, 8, 17, 5, 3
2020/11/19, 64, 45, 10, 18, 7, 4
2020/11/20, 67, 69, 8, 22, 6, 5
2020/11/21, 92, 94, 11, 26, 7, 7
2020/11/22, 149, 88, 12, 25, 7, 6
2020/11/23, 150, 94, 11, 27, 8, 5
2020/11/24, 143, 99, 12, 25, 7, 5
2020/11/25, 126, 63, 6, 22, 5, 4
2020/11/26, 110, 82, 6, 24, 6, 6
2020/11/27, 151, 59, 6, 21, 5, 5
2020/11/28, 114, 53, 7, 20, 7, 4
2020/11/29, 96, 70, 13, 23, 5, 5
2020/11/30, 115, 93, 12, 26, 4, 6
2020/12/1, 146, 99, 14, 33, 5, 8
2020/12/2, 152, 102, 14, 32, 11, 7
2020/12/3, 152, 93, 13, 31, 13, 8
2020/12/4, 142, 94, 11, 35, 7, 8
2020/12/5, 140, 90, 12, 31, 4, 7
2020/12/6, 139, 89, 11, 28, 3, 8
2020/12/7, 138, 83, 13, 27, 2, 6
2020/12/8, 130, 78, 17, 26, , 6
2020/12/9, 127, 70, 19, 23, 2, 6
2020/12/10, 117, 63, 15, 21, 3, 4
2020/12/11, 116, 70, 20, 20, 2, 4
2020/12/12, 144, 80, 6, 20, , 5
2020/12/13, 160, 48, 18, 14, , 3
2020/12/14, 74, 88, 19, 22, , 7
2020/12/15, 147, 94, 18, 21, 8, 7
2020/12/16, 158, 88, 20, 23, 4, 6
2020/12/17, 147, 101, 14, 29, 3, 8
2020/12/18, 159, 106, 11, 28, 34, 7
2020/12/19, 163, 115, 1, 39, 21, 11
2020/12/20, 160, 96, 19, 27, 6, 6
2020/12/21, 135, 101, 20, 31, 12, 8
2020/12/22, 93, 104, 13, 26, , 8
2020/12/23, 159, 99, 21, 27, 4, 7
2020/12/24, 160, 102, 25, 24, 5, 7
2020/12/25, 163, 109, 27, 28, 5, 9
2020/12/26, 163, 109, 12, 29, 7, 8
2020/12/27, 162, 106, 32, 16, 3, 7
2020/12/28, 156, 104, 32, 25, 4, 7
2020/12/29, 162, 103, 33, 23, 5, 7
2020/12/30, 162, 103, 29, 22, 5, 7
2020/12/31, 163, 106, 31, 21, 5, 7
2021/1/1, 163, 104, 32, 21, 5, 7
2021/1/2, 162, 106, 30, 22, 5, 7
2021/1/3, 162, 92, 24, 21, 9, 6
2020/7/1, 43, 23, 1, 18, 4, 1
2020/7/2, 35, 17, 1, 16, 4, 2
2020/7/3, 23, 17, 1, 17, 4, 3
2020/7/4, 22, 30, 2, 17, 3, 3
2020/7/5, 33, 39, 18, 17, 3, 9
2020/7/6, 46, 27, 1, 16, 4, 2
2020/7/7, 28, 16, 1, 17, 4, 3
2020/7/8, 13, 17, 1, 18, 4, 2
2020/7/9, 24, 23, 2, 18, 4, 2
2020/7/10, 29, 38, 2, 19, 4, 4
2020/7/11, 50, 29, 1, 16, 4, 2
2020/7/12, 41, 46, 1, 15, 4, 3
2020/7/13, 59, 28, 1, 14, 4, 2
2020/7/14, 44, 14, 1, 12, 4, 3
2020/7/15, 26, 14, 1, 20, 4, 1
2020/7/16, 19, 20, 2, 17, 3, 3
2020/7/17, 23, 28, 1, 18, 3, 3
2020/7/18, 39, 32, 1, 19, 4, 2
2020/7/19, 41, 27, 1, 19, 4, 2
2020/7/20, 34, 15, 1, 17, 3, 2
2020/7/21, 22, 22, 1, 20, 4, 3
2020/7/22, 38, 33, 1, 19, 4, 2
2020/7/23, 44, 20, 1, 18, 3, 2
2020/7/24, 36, 15, 1, 18, 4, 2
2020/7/25, 37, 15, 1, 19, 3, 2
2020/7/26, 31, 24, 1, 18, 4, 2
2020/7/27, 32, 36, 1, 19, 4, 3
2020/7/28, 49, 25, 1, 20, 4, 3
2020/7/29, 37, 20, 1, 21, 3, 2
2020/7/30, 40, 28, 1, 21, 4, 3
2020/7/31, 52, 33, 1, 20, 4, 4
2020/8/1, 61, 14, 1, 17, 4, 2
2020/8/2, 28, 12, 2, 10, 3, 3
2020/8/3, 22, 15, 2, 17, 3, 3
2020/8/4, 34, 6, 2, 16, 4, 2
2020/8/5, 16, 18, 2, 16, 4, 2
2020/8/6, 29, 19, 2, 17, 4, 3
2020/8/7, 28, 28, 1, 19, 3, 4
2020/8/8, 41, 33, 1, 18, 3, 3
2020/8/9, 58, 29, 5, 16, 1, 5
2020/8/10, 45, 17, 1, 16, 3, 3
2020/8/11, 34, 27, 1, 17, 4, 2
2020/8/12, 44, 15, 1, 16, 4, 2
2020/8/13, 39, 24, 1, 16, 4, 21
2020/8/14, 46, 17, 1, 16, 3, 7
2020/8/15, 32, 6, 2, 11, 3, 13
2020/8/16, 20, 14, 1, 18, 4, 11
2020/8/17, 30, 24, 1, 17, 4, 8
2020/8/18, 39, 19, 1, 16, 4, 9
2020/8/19, 34, 12, 1, 15, 3, 8
2020/8/20, 27, 13, 1, 15, 4, 
2020/8/21, 31, 16, 1, 15, 4, 8
2020/8/22, 31, 17, 1, 15, 4, 3
2020/8/23, 30, 22, 1, 16, 4, 3
2020/8/24, 32, 40, 1, 18, 4, 
2020/8/25, 57, 52, 1, 18, 4, 2
2020/8/26, 60, 42, 1, 18, 4, 7
2020/8/27, 63, 26, 3, 16, 3, 7
2020/8/28, 48, 30, 1, 17, 3, 11
2020/8/29, 41, 24, 1, 17, 4, 17
2020/8/30, 36, 48, 1, 19, 4, 6
2020/8/31, 61, 75, 1, 23, 4, 4
2020/9/1, 96, 71, 3, 15, 4, 3
2020/9/2, 93, 41, 2, 12, 4, 3
2020/9/3, 85, 38, 2, 12, 4, 3
2020/9/4, 67, 36, 3, 13, 4, 3
2020/9/5, 56, 35, 3, 12, 3, 3
2020/9/6, 59, 43, 2, 13, 4, 2
2020/9/7, 68, 45, 5, 13, 3, 3
2020/9/8, 69, 27, 2, 12, 4, 2
2020/9/9, 56, 38, 2, 13, 4, 3
2020/9/10, 72, 57, 2, 14, 4, 4
2020/9/11, 88, 19, 3, 31, 1, 2
2020/9/12, 34, 40, 5, 11, 3, 3
2020/9/13, 55, 46, 4, 18, 1, 1
2020/9/14, 73, 45, 3, 18, 4, 2
2020/9/15, 58, 31, 2, 18, 4, 3
2020/9/16, 46, 28, 3, 15, 3, 3
2020/9/17, 49, 32, 3, 17, 3, 3
2020/9/18, 61, 46, 2, 19, 4, 3
2020/9/19, 86, 34, 3, 16, 4, 2
2020/9/20, 59, 14, 3, 9, 1, 2
2020/9/21, 37, 16, 2, 16, 4, 2
2020/9/22, 35, 22, 2, 15, 3, 2
2020/9/23, 36, 26, 2, 16, 3, 2
2020/9/24, 41, 29, 2, 18, 4, 3
2020/9/25, 51, 15, 2, 17, 3, 2
2020/9/26, 36, 41, 2, 19, 4, 3
2020/9/27, 58, 68, 1, 22, 5, 4
2020/9/28, 92, 80, 2, 21, 4, 3
2020/9/29, 110, 83, , 20, 2, 1
2020/9/30, 113, 72, 5, 18, 2, 2
2020/4/1, 126, 62, 15, 8, 5, 4
2020/4/2, 129, 60, 14, 7, 5, 4
2020/4/3, 119, 59, 11, 6, 6, 4
2020/4/4, 113, 52, 14, 2, 6, 4
2020/4/5, 93, 50, 13, 2, 5, 11
2020/4/6, 93, 34, 15, 15, 6, 18
2020/4/7, 72, 38, 18, 13, 6, 3
2020/4/8, 82, 53, 12, 16, 13, 4
2020/4/9, 103, 37, 27, 14, 10, 4
2020/4/10, 68, 41, 15, 16, 8, 4
2020/4/11, 78, 55, 21, 15, 8, 5
2020/4/12, 96, 62, 20, 14, 10, 4
2020/4/13, 105, 63, 23, 14, 6, 4
2020/4/14, 112, 59, 21, 14, 8, 4
2020/4/15, 101, 57, 22, 13, 6, 5
2020/4/16, 107, 62, 21, 13, 6, 5
2020/4/17, 115, 55, 20, 15, 7, 4
2020/4/18, 99, 60, 15, 16, 9, 4
2020/4/19, 94, 55, 15, 16, 9, 4
2020/4/20, 89, 35, 12, 16, 6, 3
2020/4/21, 67, 44, 16, 16, 7, 3
2020/4/22, 80, 58, 16, 17, 7, 4
2020/4/23, 91, 48, 16, 14, 6, 3
2020/4/24, 84, 66, 13, 16, 8, 4
2020/4/25, 99, 54, 17, 13, 6, 3
2020/4/26, 87, 55, 14, 14, 7, 3
2020/4/27, 86, 43, 15, 12, 6, 3
2020/4/28, 74, 32, 18, 15, 6, 3
2020/4/29, 67, 42, 13, 17, 2, 9
2020/4/30, 72, 37, 9, 15, , 7
2020/5/1, 71, 47, 19, 16, 8, 4
2020/5/2, 83, 67, 15, 19, 4, 4
2020/5/3, 97, 55, 16, 13, 6, 6
2020/5/4, 76, 63, 71, 19, 4, 4
2020/5/5, 89, 49, 32, 15, 3, 4
2020/5/6, 76, 50, 16, 14, 3, 4
2020/5/7, 84, 59, 20, 15, 4, 4
2020/5/8, 86, 48, 22, 14, 4, 3
2020/5/9, 71, 44, 15, 16, 4, 4
2020/5/10, 73, 64, 22, 18, 4, 4
2020/5/11, 101, 45, 20, 14, 3, 4
2020/5/12, 78, 47, 23, 14, 4, 3
2020/5/13, 72, 49, 22, 14, 4, 3
2020/5/14, 72, 57, 21, 17, 4, 4
2020/5/15, 89, 50, 21, 16, 4, 4
2020/5/16, 75, 60, 22, 17, 4, 5
2020/5/17, 94, 63, 17, 18, 4, 4
2020/5/18, 84, 89, 19, 20, 4, 5
2020/5/19, 120, 103, 14, 20, 4, 3
2020/5/20, 100, 89, 18, 22, 4, 4
2020/5/21, 99, 95, 18, 23, 5, 5
2020/5/22, 117, 99, 22, 19, 5, 4
2020/5/23, 124, 89, 29, 14, 4, 4
2020/5/24, 124, 71, 22, 12, 4, 4
2020/5/25, 99, 64, 23, 12, 4, 3
2020/5/26, 95, 67, 21, 14, 4, 4
2020/5/27, 87, 79, 15, 18, 4, 3
2020/5/28, 93, 63, 18, 14, 4, 2
2020/5/29, 74, 52, 18, 16, 4, 3
2020/5/30, 72, 46, 19, 14, 4, 3
2020/5/31, 75, 46, 14, 19, 2, 
2020/6/1, 78, 24, 13, 14, 4, 4
2020/6/2, 44, 15, 12, 13, 4, 2
2020/6/3, 31, 23, 13, 12, 4, 4
2020/6/4, 37, 45, 10, 15, 4, 2
2020/6/5, 62, 55, 9, 15, 4, 2
2020/6/6, 64, 44, 8, 16, 4, 3
2020/6/7, 55, 48, 8, 15, 4, 3
2020/6/8, 58, 46, 8, 16, 4, 4
2020/6/9, 48, 42, 5, 18, 4, 2
2020/6/10, 66, 38, 2, 21, 4, 2
2020/6/11, 64, 24, 2, 17, 4, 2
2020/6/12, 46, 23, 2, 17, 4, 3
2020/6/13, 37, 17, 2, 16, 4, 2
2020/6/14, 14, 25, 2, 15, 3, 4
2020/6/15, 31, 22, 2, 15, 3, 3
2020/6/16, 27, 20, 2, 15, 4, 2
2020/6/17, 31, 33, 2, 16, 4, 2
2020/6/18, 45, 43, 1, 17, 4, 2
2020/6/19, 57, 49, 2, 16, 4, 2
2020/6/20, 62, 44, 2, 15, 3, 1
2020/6/21, 62, 49, 2, 16, 4, 3
2020/6/22, 64, 52, 2, 17, 4, 3
2020/6/23, 64, 45, 2, 19, 4, 4
2020/6/24, 52, 35, 2, 17, 4, 3
2020/6/25, 45, 48, 2, 16, 3, 3
2020/6/26, 63, 39, 2, 18, 4, 3
2020/6/27, 56, 17, 2, 19, 5, 4
2020/6/28, 18, 33, 1, 21, 4, 4
2020/6/29, 36, 34, 2, 21, 4, 5
2020/6/30, 71, 34, 1, 20, 4, 5
2020/1/1, 104, 43, 10, 13, 4, 4
2020/1/2, 84, 53, 9, 13, 7, 3
2020/1/3, 93, 88, 9, 16, 7, 5
2020/1/4, 150, 81, 11, 17, 13, 4
2020/1/5, 155, 74, 13, 16, 9, 4
2020/1/6, 136, 64, 11, 13, 5, 3
2020/1/7, 123, 56, 13, 12, 6, 3
2020/1/8, 104, 69, 8, 14, 11, 3
2020/1/9, 115, 93, 12, 15, 10, 4
2020/1/10, 162, 102, 15, 19, 11, 5
2020/1/11, 159, 97, 12, 20, 19, 5
2020/1/12, 151, 90, 14, 18, 13, 5
2020/1/13, 149, 97, 33, 18, 4, 5
2020/1/14, 165, , , , , 
2020/1/17, 83, 64, 11, 14, 10, 4
2020/1/18, 94, 53, 9, 13, 6, 3
2020/1/19, 90, 61, 11, 14, 5, 3
2020/1/20, 103, 68, 12, 14, 5, 3
2020/1/21, 96, 66, 14, 14, 6, 3
2020/1/22, 103, 81, 15, 16, 5, 5
2020/1/23, 132, 92, 13, 19, 7, 6
2020/1/24, 141, 97, 11, 21, 10, 6
2020/1/25, 152, 87, 13, 19, 7, 5
2020/1/26, 146, 73, 15, 15, 5, 4
2020/1/27, 125, 67, 16, 14, 5, 3
2020/1/28, 118, 85, 11, 18, 11, 4
2020/1/29, 129, 104, 12, 19, 14, 6
2020/1/30, 156, 91, 15, 18, 9, 4
2020/1/31, 149, 60, 13, 13, 6, 2
2020/2/1, 95, 62, 10, 13, 6, 3
2020/2/2, 104, 56, 8, 13, 51, 3
2020/2/3, 93, 53, 10, 14, 145, 2
2020/2/4, 80, 60, 8, 17, 3, 3
2020/2/5, 100, 60, 12, 15, 3, 3
2020/2/6, 82, 56, 15, 13, 3, 3
2020/2/7, 83, 59, 11, 13, 3, 3
2020/2/8, 101, 50, 7, 14, 4, 3
2020/2/9, 99, 53, 13, 14, 3, 3
2020/2/10, 99, 62, 13, 15, 4, 4
2020/2/11, 110, 79, 13, 18, 3, 5
2020/2/12, 145, 94, 13, 22, 2, 5
2020/2/13, 149, 98, 11, 26, 6, 6
2020/2/14, 149, 94, 14, 27, 5, 7
2020/2/15, 143, 92, 18, 20, 3, 5
2020/2/16, 151, 99, 15, 23, 5, 7
2020/2/17, 151, 92, 11, 24, 5, 5
2020/2/18, 126, 79, 17, 22, 2, 4
2020/2/19, 128, 71, 13, 17, , 3
2020/2/20, 108, 62, 16, 15, 1, 3
2020/2/22, 88, 52, 15, 16, 2, 3
2020/2/23, 77, 58, 15, 15, , 3
2020/2/24, 90, 83, 11, 20, 3, 4
2020/2/25, 127, 98, 16, 24, 5, 6
2020/2/26, 150, 75, 18, 19, 3, 3
2020/2/27, 109, 78, 18, 17, 1, 3
2020/2/28, 101, , , , , 
2020/3/2, 136, 93, 7, 16, 3, 6
2020/3/3, 151, 75, 14, 14, 2, 4
2020/3/4, 117, 91, 14, 22, 4, 5
2020/3/5, 141, 65, 10, 14, , 3
2020/3/6, 98, 71, 9, 16, 1, 3
2020/3/7, 104, 55, 11, 14, 1, 3
2020/3/8, 95, 59, 10, 15, , 3
2020/3/9, 92, 46, 13, 12, 1, 2
2020/3/10, 74, 61, 8, 18, 3, 3
2020/3/11, 88, 59, 8, 20, 4, 3
2020/3/12, 94, 62, 10, 15, 11, 3
2020/3/13, 85, 63, 11, 18, 5, 3
2020/3/14, 93, 62, 11, 20, 6, 3
2020/3/15, 90, 49, 8, 17, 5, 3
2020/3/16, 74, 51, 10, 16, 5, 2
2020/3/17, 64, 45, 9, 18, 6, 2
2020/3/18, 61, 68, 10, 20, 6, 5
2020/3/19, 109, 58, 15, 15, 1, 3
2020/3/20, 76, 78, 13, 19, 4, 4
2020/3/21, 90, 71, 14, 18, 3, 4
2020/3/23, 97, 51, 15, 12, 1, 3
2020/3/24, 80, 51, 13, 11, 1, 3
2020/3/25, 81, 53, 14, 12, 5, 2
2020/3/26, 84, 53, 17, 12, 1, 3
2020/3/28, 98, 59, 17, 8, 4, 3
2020/3/29, 111, 54, 18, 8, 2, 3
2020/3/30, 89, 62, 18, 7, 5, 3
2020/3/31, 113, 61, 14, 9, 5, 11
2019/10/1, 84, 59, 3, , , 4
2019/10/2, 88, 51, 4, , , 3
2019/10/3, 80, 56, 4, , 1, 4
2019/10/4, 81, 62, 2, , 1, 4
2019/10/5, 93, 49, 3, , 1, 5
2019/10/6, 105, 65, 4, , 1, 4
2019/10/7, 116, 65, 6, , 1, 3
2019/10/9, 148, 56, 5, , 1, 4
2019/10/10, 113, 53, 4, , , 4
2019/10/11, 93, 48, 5, , , 4
2019/10/12, 78, 52, 7, , 1, 4
2019/10/14, 127, 81, 6, , 1, 5
2019/10/15, 132, 78, 7, , , 5
2019/10/16, 148, 70, 6, , 1, 5
2019/10/17, 116, 35, 4, , , 3
2019/10/18, 67, 44, 5, , 1, 3
2019/10/19, 71, 45, 4, , 1, 4
2019/10/20, 83, 36, 4, , 4, 4
2019/10/21, 54, 54, 4, , 1, 4
2019/10/22, 73, 61, 3, , 2, 4
2019/10/23, 93, 38, 2, , 1, 3
2019/10/24, 58, 38, 3, , 2, 3
2019/10/25, 57, 24, 4, , 1, 2
2019/10/26, 42, 27, 3, , , 2
2019/10/27, 48, 57, 5, , 4, 8
2019/10/28, 105, 57, 8, , 1, 5
2019/10/29, 97, 59, 9, , 1, 23
2019/10/30, 107, 43, 7, , 1, 24
2019/10/31, 56, 40, 9, , 1, 3
2019/11/1, 62, 55, 9, , 1, 4
2019/11/2, 85, 70, 9, , 2, 5
2019/11/3, 113, 81, 7, , 10, 5
2019/11/4, 130, 106, 9, , 4, 6
2019/11/5, 162, 99, 9, , 2, 5
2019/11/6, 158, 84, 6, , 2, 4
2019/11/7, 148, 87, 7, 5, 3, 4
2019/11/8, 151, 98, 4, 6, 2, 5
2019/11/9, 158, 97, 6, 6, 2, 5
2019/11/10, 151, 93, 6, 6, 1, 5
2019/11/11, 143, 83, 11, 6, 2, 4
2019/11/12, 143, 91, 7, 7, 1, 5
2019/11/13, 146, 95, 4, 6, 2, 4
2019/11/14, 158, 92, 6, 6, 4, 4
2019/11/15, 155, 94, 5, 6, 1, 4
2019/11/16, 150, 102, 6, 7, 5, 5
2019/11/17, 155, 105, 9, 7, 4, 5
2019/11/18, 160, 110, 6, 7, 4, 6
2019/11/19, 160, 107, 10, 6, 4, 6
2019/11/20, 154, 105, 10, 6, 1, 6
2019/11/21, 162, 102, 12, 6, 5, 6
2019/11/22, 157, 101, 8, 6, 5, 6
2019/11/23, 156, 103, 11, 6, 5, 6
2019/11/24, 161, 102, 11, 6, 6, 5
2019/11/25, 162, 99, 11, 6, 5, 5
2019/11/26, 161, 97, 12, 20, 5, 6
2019/11/27, 153, 99, 11, 42, 8, 6
2019/11/28, 158, 83, 12, 41, 29, 4
2019/11/29, 149, 104, 12, 9, 1, 6
2019/11/30, 147, 85, 10, 8, 6, 4
2019/12/1, 138, 64, 8, 7, 7, 3
2019/12/2, 121, 54, 11, 7, 5, 4
2019/12/3, 111, 90, 19, 12, 5, 5
2019/12/4, 160, 102, 13, 23, 10, 5
2019/12/5, 162, 107, 14, 24, 12, 7
2019/12/6, 163, 102, 16, 23, 5, 5
2019/12/7, 161, 93, 14, 22, 7, 6
2019/12/8, 142, 88, 21, 19, 7, 11
2019/12/9, 128, 88, 12, 22, 7, 7
2019/12/10, 147, 80, 28, 21, 5, 5
2019/12/11, 138, 77, 12, 20, 5, 6
2019/12/12, 130, 47, 8, 18, 5, 5
2019/12/13, 78, 61, 12, 20, 6, 4
2019/12/14, 95, 65, 10, 20, 5, 5
2019/12/15, 106, 72, 9, 23, 5, 5
2019/12/16, 119, 96, 11, 26, 6, 6
2019/12/17, 151, 102, 14, 25, 8, 6
2019/12/18, 160, 102, 14, 21, 7, 6
2019/12/19, 160, 104, 13, 26, 10, 7
2019/12/20, 160, 106, 14, 24, 9, 6
2019/12/21, 161, 98, 13, 20, 2, 5
2019/12/22, 159, 91, 14, 18, 2, 4
2019/12/23, 152, 80, 13, 17, 5, 4
2019/12/24, 136, 83, 15, 15, 5, 4
2019/12/25, 153, 77, 11, 16, 5, 4
2019/12/26, 147, 88, 10, 17, 6, 4
2019/12/27, 145, 97, 13, 19, 11, 4
2019/12/28, 157, 100, 14, 21, 10, 5
2019/7/1, 54, 28, 6, , , 3
2019/7/2, 55, 43, 7, , 1, 3
2019/7/3, 63, 36, 6, , 1, 3
2019/7/4, 52, 32, 6, , , 3
2019/7/5, 55, 37, 6, , , 2
2019/7/6, 51, 34, 8, , 1, 2
2019/7/7, 49, 33, 8, , , 2
2019/7/8, 55, 34, 6, , 1, 2
2019/7/9, 54, 26, 7, , 1, 2
2019/7/10, 47, 38, 5, , 1, 3
2019/7/11, 60, 33, 5, , 1, 3
2019/7/12, 51, 29, 4, , 1, 3
2019/7/13, 46, 37, 5, , 1, 3
2019/7/14, 53, 31, 5, , 1, 2
2019/7/15, 54, 60, 4, , 1, 3
2019/7/16, 75, 51, 6, , , 3
2019/7/17, 74, 63, 8, , 1, 3
2019/7/18, 84, 59, 10, , 1, 4
2019/7/19, 88, 40, 8, , 1, 3
2019/7/20, 68, 20, 5, , 3, 4
2019/7/21, 37, 24, 7, , 2, 5
2019/7/22, 27, 23, 6, , 1, 2
2019/7/23, 43, 24, 4, , , 3
2019/7/24, 36, 41, 4, , 2, 5
2019/7/25, 57, 33, 4, , , 3
2019/7/26, 49, 34, 4, , 2, 7
2019/7/27, 48, 35, 3, , 1, 4
2019/7/28, 53, 22, 3, , 1, 5
2019/7/29, 40, 15, 4, , 2, 2
2019/7/30, 35, 26, 3, , , 5
2019/7/31, 38, 22, 4, , , 8
2019/8/1, 23, 17, 2, 10, , 4
2019/8/2, 31, 14, 2, 11, 1, 3
2019/8/3, 27, 10, 5, 12, 1, 4
2019/8/4, 16, 15, 2, 12, 1, 2
2019/8/5, 27, 24, 2, 13, , 4
2019/8/6, 48, 23, 2, 13, , 2
2019/8/7, 42, 37, 3, 13, , 5
2019/8/8, 60, 42, 3, 13, , 2
2019/8/9, 59, 24, 2, 12, , 4
2019/8/10, 44, , , , , 
2019/8/12, 115, 76, 2, 24, 1, 5
2019/8/13, 108, 54, 3, 19, , 2
2019/8/14, 77, 41, 2, 17, , 
2019/8/15, 62, 50, 2, 22, , 
2019/8/16, 65, 66, 3, 21, 1, 
2019/8/17, 73, 76, 4, 27, 4, 6
2019/8/18, 92, 66, 2, 24, 2, 
2019/8/19, 88, 76, 3, 21, 1, 6
2019/8/20, 101, 69, 3, 22, 1, 12
2019/8/21, 96, 52, 2, 24, , 11
2019/8/22, 73, , , , , 
2019/8/24, 41, 34, 4, 15, , 2
2019/8/25, 58, 48, 5, 14, 1, 3
2019/8/26, 66, 57, 7, 5, , 3
2019/8/27, 68, 52, 7, 1, , 2
2019/8/28, 67, 53, 5, , , 3
2019/8/29, 69, 37, 3, 8, 1, 3
2019/8/30, 65, 27, 3, 11, , 3
2019/8/31, 54, 21, 3, 6, 1, 3
2019/9/1, 45, 29, 2, 4, , 3
2019/9/2, 51, 17, 2, , , 3
2019/9/3, 46, 23, 3, , , 3
2019/9/4, 46, 29, 4, , , 3
2019/9/5, 49, 26, 3, , , 2
2019/9/6, 40, 26, 4, , , 2
2019/9/7, 36, 23, 4, , , 2
2019/9/8, 46, 32, 4, , , 3
2019/9/9, 53, 44, 4, , 1, 2
2019/9/10, 58, 50, 4, , 1, 3
2019/9/11, 62, 44, 4, , 1, 2
2019/9/12, 66, 36, 3, , , 2
2019/9/13, 58, 40, 4, , 3, 4
2019/9/14, 64, 31, 1, , 1, 5
2019/9/15, 60, 61, 2, , , 3
2019/9/16, 87, 60, 2, , 1, 3
2019/9/17, 91, 37, 11, , 4, 5
2019/9/18, 77, 30, 2, , 1, 3
2019/9/19, 70, 34, 2, , , 3
2019/9/20, 63, 48, 3, , 1, 3
2019/9/21, 72, 47, 4, , 1, 3
2019/9/22, 82, 56, 4, , 1, 5
2019/9/23, 98, 44, 3, , , 4
2019/9/24, 76, 26, 2, , 1, 3
2019/9/25, 54, 27, 5, , 7, 5
2019/9/26, 50, 26, 2, , 1, 2
2019/9/27, 47, 29, 1, , , 3
2019/9/28, 67, , 3, , , 4
2019/9/29, 68, 44, 1, , 1, 5
2019/9/30, 85, 55, 3, , 1, 5
2019/4/1, 88, 77, 19, 21, 2, 5
2019/4/2, 108, 75, 18, 19, 1, 5
2019/4/3, 111, 73, 20, 17, 2, 4
2019/4/4, 110, 68, 15, 21, 3, 4
2019/4/5, 92, 56, 20, 19, 2, 4
2019/4/6, 90, 61, 15, 16, 1, 4
2019/4/7, 86, 58, 17, 17, 1, 4
2019/4/8, 83, 59, 16, 21, 1, 4
2019/4/9, 89, 59, 16, 20, 1, 4
2019/4/10, 88, 60, 13, 21, 1, 4
2019/4/11, 80, 67, 18, 19, 5, 4
2019/4/12, 91, 55, 16, 22, 1, 4
2019/4/13, 78, 75, 17, 24, 2, 4
2019/4/14, 113, 75, 14, 23, 2, 4
2019/4/15, 108, 78, 20, 23, 4, 4
2019/4/16, 107, 69, 14, 21, 2, 4
2019/4/17, 98, 80, 14, 24, 3, 5
2019/4/18, 110, 50, 18, 18, 1, 4
2019/4/19, 79, 45, 16, 17, 1, 4
2019/4/20, 74, 48, 14, 18, 1, 4
2019/4/21, 78, 50, 18, 18, 1, 4
2019/4/22, 81, 59, 21, 18, 2, 5
2019/4/23, 79, 51, 23, 14, 1, 4
2019/4/24, 77, 64, 24, 16, 1, 4
2019/4/25, 82, 75, 14, 19, 3, 5
2019/4/26, 97, 97, 13, 21, 3, 5
2019/4/27, 120, 74, 18, 17, 3, 4
2019/4/28, 111, 70, 15, 18, 2, 5
2019/4/29, 118, 73, 16, 17, 2, 9
2019/4/30, 106, 81, 10, 18, 2, 7
2019/5/1, 101, 96, 11, 20, 2, 5
2019/5/2, 109, 96, 13, 18, 1, 4
2019/5/3, 93, 86, 12, 19, 2, 4
2019/5/4, 83, 88, 11, 22, 6, 4
2019/5/5, 102, 92, 13, 21, 9, 5
2019/5/6, 113, 96, 15, 17, 9, 6
2019/5/7, 127, 104, 16, 14, 9, 6
2019/5/8, 125, 101, 12, 14, 11, 5
2019/5/9, 124, 97, 14, 13, 14, 5
2019/5/10, 116, 97, 15, 9, 10, 6
2019/5/11, 125, 63, 16, 8, 3, 4
2019/5/12, 111, 78, 13, 9, 3, 5
2019/5/13, 119, 76, 12, 7, 2, 4
2019/5/14, 107, 79, 15, 7, 4, 5
2019/5/15, 113, 79, 11, 9, 9, 5
2019/5/16, 105, 87, 12, 7, 4, 5
2019/5/17, 111, 96, 11, 6, 9, 5
2019/5/18, 125, 105, 15, 6, 11, 6
2019/5/19, 130, 83, 18, 3, 3, 5
2019/5/20, 131, 77, 17, 3, 2, 4
2019/5/21, 116, 67, 17, 3, 2, 4
2019/5/22, 100, 68, 16, 3, 1, 4
2019/5/23, 115, 66, 16, , 2, 4
2019/5/24, 108, 89, 15, 9, 4, 5
2019/5/25, 121, 97, 11, 28, 8, 5
2019/5/26, 126, 87, 13, 23, 4, 5
2019/5/27, 115, 88, 11, 26, 2, 4
2019/5/28, 112, 98, 12, 28, 6, 6
2019/5/29, 121, 83, 15, 16, 5, 6
2019/5/30, 111, 69, 19, 13, 2, 4
2019/5/31, 76, 65, 11, 16, 1, 4
2019/6/1, 90, 77, 17, 16, 2, 4
2019/6/2, 103, 56, 12, 13, 2, 3
2019/6/3, 79, 46, 19, 16, 1, 3
2019/6/4, 68, 66, 7, 18, 2, 4
2019/6/5, 87, 71, 15, 12, 1, 3
2019/6/6, 95, 45, 11, 15, 3, 4
2019/6/7, 78, , , , , 
2019/6/11, 34, 32, 11, 13, , 3
2019/6/12, 26, 31, 8, 14, 1, 3
2019/6/13, 44, 38, 6, 9, 1, 3
2019/6/14, 63, 53, 6, , 2, 3
2019/6/15, 72, 49, 7, , , 3
2019/6/16, 70, 55, 6, , 1, 3
2019/6/17, 76, 55, 8, , 1, 3
2019/6/18, 75, 53, 9, , , 2
2019/6/19, 69, 47, 10, , 1, 2
2019/6/20, 65, 55, 10, , 2, 3
2019/6/21, 83, 39, 10, , 1, 4
2019/6/22, 79, 42, 10, , 1, 3
2019/6/23, 75, 45, 9, 1, 3, 5
2019/6/24, 80, 36, 14, 1, 2, 4
2019/6/25, 79, 34, 11, , 1, 3
2019/6/26, 62, 25, 12, , 1, 3
2019/6/27, 38, 21, 8, 1, , 3
2019/6/28, 44, 23, 9, 2, 1, 3
2019/6/29, 48, 24, 7, , 1, 3
2019/6/30, 58, 28, 5, , 3, 3
2019/1/1, 144, 93, 27, 27, 10, 8
2019/1/2, 157, 85, 20, 25, 13, 7
2019/1/3, 149, 105, 29, 28, 8, 7
2019/1/4, 149, 84, 20, 19, 4, 6
2019/1/5, 151, 93, 24, 16, 3, 6
2019/1/6, 160, 103, 19, 22, 12, 7
2019/1/7, 159, 106, 12, 29, 15, 8
2019/1/8, 161, 103, 16, 36, 23, 8
2019/1/9, 158, 106, 22, 34, 10, 7
2019/1/10, 160, 90, 20, 23, 4, 6
2019/1/11, 159, 96, 23, 18, 3, 6
2019/1/12, 162, 80, 21, 15, 2, 5
2019/1/13, 158, 88, 21, 18, 2, 6
2019/1/14, 160, 99, 17, 24, 10, 8
2019/1/15, 161, 101, 15, 23, 16, 7
2019/1/16, 160, 101, 14, 27, 9, 7
2019/1/17, 155, 98, 16, 26, 11, 7
2019/1/18, 158, 102, 20, 26, 8, 7
2019/1/19, 163, 95, 18, 31, 11, 7
2019/1/20, 150, 78, 17, 18, 4, 6
2019/1/21, 140, 61, 15, 14, 3, 3
2019/1/22, 116, 72, 13, 18, 1, 5
2019/1/23, 143, 75, 16, 17, 3, 5
2019/1/24, 144, 55, 16, 10, 3, 4
2019/1/25, 99, 53, 11, 14, 6, 5
2019/1/26, 109, 66, 5, 17, 17, 6
2019/1/27, 144, 77, 8, 19, 11, 6
2019/1/28, 158, 91, 9, 26, 13, 6
2019/1/29, 153, 86, 13, 27, 17, 5
2019/1/30, 146, 84, 17, 25, 11, 6
2019/1/31, 153, 78, 17, 22, 3, 6
2019/2/1, 148, 78, 19, 20, 8, 5
2019/2/2, 148, 77, 20, 19, 3, 5
2019/2/3, 145, 77, 20, 19, 4, 6
2019/2/4, 146, 83, 21, 19, 8, 6
2019/2/5, 152, 80, 20, 17, 5, 6
2019/2/6, 150, 71, 23, 11, 2, 5
2019/2/7, 144, 98, 14, 21, 13, 5
2019/2/8, 141, 109, 16, 25, 14, 5
2019/2/9, 153, 109, 26, 26, 24, 5
2019/2/10, 159, 82, 18, 15, 5, 5
2019/2/11, 147, 79, 18, 18, 2, 5
2019/2/12, 152, 95, 19, 24, 4, 5
2019/2/13, 148, 81, 17, 15, 2, 5
2019/2/14, 139, 53, 16, 11, 2, 4
2019/2/15, 90, 80, 16, 22, 11, 5
2019/2/16, 126, 76, 16, 20, 9, 5
2019/2/17, 120, 97, 21, 26, 12, 8
2019/2/18, 156, 79, 19, 17, 5, 5
2019/2/19, 140, 59, 15, 13, 2, 3
2019/2/20, 93, 60, 15, 16, 2, 4
2019/2/21, 92, 67, 17, 21, 5, 5
2019/2/22, 112, 87, 13, 28, 6, 6
2019/2/23, 141, 70, 16, 22, 5, 5
2019/2/24, 121, 82, 17, 21, 15, 5
2019/2/25, 126, 101, 11, 32, 14, 6
2019/2/26, 145, 104, 9, 35, 15, 7
2019/2/27, 154, 97, 12, 25, 12, 5
2019/2/28, 141, 89, 14, 28, 12, 6
2019/3/1, 139, 53, 11, 12, 2, 4
2019/3/2, 85, 55, 12, 12, 3, 3
2019/3/3, 94, 71, 17, 17, 11, 4
2019/3/4, 105, 107, 10, 28, 18, 6
2019/3/5, 155, 108, 10, 38, 27, 9
2019/3/6, 148, 107, 17, 37, 25, 
2019/3/7, 157, 106, 18, 28, 18, 
2019/3/8, 160, 81, 14, 22, 2, 
2019/3/9, 135, , , , , 
2019/3/12, 125, 80, 19, 14, 2, 4
2019/3/13, 115, 74, 17, 16, 4, 4
2019/3/14, 110, 79, 19, 18, 6, 3
2019/3/15, 125, 71, 18, 15, 2, 2
2019/3/16, 109, 67, 17, 15, 3, 4
2019/3/17, 106, 68, 17, 19, 7, 4
2019/3/18, 105, 56, 11, 18, 2, 5
2019/3/19, 89, 63, 16, 16, 3, 5
2019/3/20, 109, 74, 4, 19, , 9
2019/3/21, 98, 76, 9, 20, 10, 38
2019/3/22, 97, 74, 10, 23, 7, 13
2019/3/23, 110, 82, 17, 22, 8, 5
2019/3/24, 137, 82, 17, 23, 4, 5
2019/3/25, 135, 78, 14, 23, 5, 5
2019/3/26, 133, 78, 15, 25, 4, 5
2019/3/27, 135, 87, 16, 26, 9, 5
2019/3/28, 133, 89, 16, 25, 8, 6
2019/3/29, 136, 88, 22, 23, 3, 6
2019/3/30, 142, 82, 15, 25, 2, 7
2019/3/31, 120, 73, 12, 22, 2, 3
2018/11/30, 148, 101, 21, 41, 15, 7
2018/12/1, 158, 97, 27, 40, 8, 6
2018/12/2, 160, 96, 25, 36, 14, 7
2018/12/3, 159, 98, 26, 33, 21, 7
2018/12/4, 161, 83, 17, 31, 6, 5
2018/12/5, 160, 68, 12, 28, 1, 8
2018/12/6, 118, 68, 20, 25, 16, 6
2018/12/7, 141, 82, 18, 26, 7, 7
2018/12/8, 160, 84, 25, 25, 13, 6
2018/12/9, 162, 82, 19, 20, 5, 4
2018/12/10, 163, 91, 15, 29, 4, 6
2018/12/11, 162, , , , , 
2018/12/15, 160, 104, 19, 34, 13, 5
2018/12/16, 161, 94, 15, 35, 19, 6
2018/12/17, 149, 44, 6, 29, 15, 4
2018/12/18, 82, 55, 9, 30, 13, 5
2018/12/19, 92, 77, 16, 32, 17, 6
2018/12/20, 125, 84, 11, 37, 20, 6
2018/12/21, 142, 94, 18, 37, 10, 6
2018/12/22, 154, 92, 21, 26, 4, 6
2018/12/23, 161, 105, 17, 31, 12, 7
2018/12/24, 161, 96, 21, 25, 5, 6
2018/12/25, 157, 74, 18, 18, 4, 5
2018/12/26, 147, 98, 15, 24, 10, 6
2018/12/27, 155, 102, 16, 30, 14, 7
2018/12/28, 151, 98, 18, 28, 20, 7
2018/12/29, 153, 99, 22, 26, 20, 6
2018/12/30, 157, , , , , 
2018/4/1, 118, 51, 27, 16, 1, 6
2018/4/2, 100, 66, 25, 22, , 7
2018/4/3, 125, 61, 23, 19, 1, 6
2018/4/4, 113, 55, 30, 17, 1, 6
2018/4/5, 104, 65, 29, 23, , 7
2018/4/6, 116, 58, 20, 29, 2, 8
2018/4/7, 108, 49, 18, 25, 1, 9
2018/4/8, 89, 86, 1, 25, 2, 
2018/4/9, 141, , , , , 
2018/4/11, 106, 51, 14, 22, 1, 6
2018/4/12, 84, 45, 21, 18, 1, 7
2018/4/13, 71, 39, 19, 18, , 7
2018/4/14, 65, 43, 12, 19, , 7
2018/4/15, 82, 69, 17, 24, 1, 8
2018/4/16, 121, 72, 25, 21, , 7
2018/4/17, 96, 69, 21, 23, 1, 6
2018/4/18, 99, 85, 16, 25, 1, 7
2018/4/19, 120, 102, 6, 34, 1, 9
2018/4/20, 150, , , , , 
2018/1/1, 119, 89, 23, 40, 3, 7
2018/1/2, 144, 93, 52, 33, 5, 7
2018/1/3, 158, 103, 62, 35, 11, 7
2018/1/4, 160, 101, 15, 40, 12, 7
2018/1/5, 159, 95, 16, 41, 8, 7
2018/1/6, 155, 87, 19, 34, 6, 6
2018/1/7, 157, 83, 43, 28, 3, 6
2018/1/8, 155, 102, 22, 34, 2, 7
2018/1/9, 161, 100, 19, 39, 6, 7
2018/1/10, 157, 106, 17, 40, 16, 8
2018/1/11, 160, 102, 17, 40, 3, 8
2018/1/12, 160, 102, 19, 41, 4, 8
2018/1/13, 155, 93, 19, 40, 4, 8
2018/1/14, 153, 74, 11, 32, 1, 6
2018/1/15, 143, 88, 17, 27, 3, 10
2018/1/16, 148, 82, 24, 29, 4, 6
2018/1/17, 148, 89, 12, 35, 6, 7
2018/1/18, 147, 90, 12, 39, 9, 7
2018/1/19, 140, 95, 37, 37, 11, 7
2018/1/20, 146, 88, 18, 38, 6, 7
2018/1/21, 153, 93, 25, 33, 3, 8
2018/1/22, 160, 71, 19, 29, 1, 6
2018/1/23, 140, 87, 12, 33, 2, 6
2018/1/24, 156, 102, 12, 39, 6, 7
2018/1/25, 154, 97, 17, 40, 11, 8
2018/1/26, 150, 102, 21, 37, 8, 135
2018/1/27, 159, 93, 18, 38, 3, 11
2018/1/28, 158, 90, 39, 30, 2, 14
2018/1/29, 155, 98, 45, 32, 6, 5
2018/1/30, 144, 95, 40, 32, 9, 8
2018/1/31, 132, 83, 15, 37, 7, 11
2018/2/1, 120, 75, 19, 36, 4, 9
2018/2/2, 114, 74, 28, 32, 3, 8
2018/2/3, 112, 73, 28, 25, 2, 9
2018/2/4, 106, 79, 58, 23, 10, 9
2018/2/5, 116, 75, 25, 31, 2, 8
2018/2/6, 116, 83, 14, 42, 3, 10
2018/2/7, 133, 70, 37, 27, 4, 7
2018/2/8, 116, 79, 12, 35, 5, 8
2018/2/9, 125, 81, 16, 35, 5, 9
2018/2/10, 129, 67, 13, 22, 1, 9
2018/2/11, 104, 66, 29, 10, 2, 9
2018/2/12, 126, 61, 20, 18, 1, 7
2018/2/13, 119, 68, 24, 24, 3, 8
2018/2/14, 131, 87, 17, 34, 7, 10
2018/2/15, 140, 87, 14, 35, 10, 9
2018/2/16, 136, 85, 17, 38, 12, 9
2018/2/17, 130, 80, 23, 34, 4, 9
2018/2/18, 130, 93, 30, 28, 2, 8
2018/2/19, 117, 66, 29, 24, 1, 7
2018/2/20, 121, 72, 28, 25, 2, 8
2018/2/21, 133, 78, 25, 27, 2, 8
2018/2/22, 142, 79, 45, 24, 3, 8
2018/2/23, 151, 75, 31, 25, 2, 7
2018/2/24, 124, 70, 27, 30, 2, 7
2018/2/25, 130, 68, 47, 29, 3, 7
2018/2/26, 157, 71, 40, 28, 3, 7
2018/2/27, 144, 87, 32, 34, 3, 10
2018/2/28, 141, 74, 26, 32, 2, 9
2018/3/1, 123, 69, 25, 30, 2, 8
2018/3/2, 117, 84, 28, 31, 2, 10
2018/3/3, 137, 67, 33, 25, 1, 9
2018/3/4, 127, 62, 50, 25, 1, 8
2018/3/5, 113, 70, 34, 17, 1, 7
2018/3/6, 121, 69, 37, 19, 2, 7
2018/3/7, 130, 79, 31, 23, 1, 9
2018/3/8, 135, 73, 30, 25, 1, 9
2018/3/9, 137, 77, 35, 25, 1, 9
2018/3/10, 149, 71, 33, 21, , 8
2018/3/11, 134, 59, 27, 22, , 7
2018/3/12, 100, 57, 25, 24, 2, 7
2018/3/13, 102, 63, 33, 22, 1, 8
2018/3/14, 115, 66, 25, 20, 1, 7
2018/3/15, 123, 99, 20, 31, 3, 9
2018/3/16, 153, 64, 20, 22, 1, 8
2018/3/17, 139, 55, 23, 18, , 7
2018/3/19, 127, 67, 24, 25, 1, 8
2018/3/20, 132, 65, 8, 27, 1, 8
2018/3/21, 130, 91, 12, 33, 3, 7
2018/3/22, 108, 92, 16, 36, 2, 8
2018/3/23, 125, 95, 19, 38, 2, 9
2018/3/24, 135, 97, 26, 33, 1, 11
2018/3/25, 156, 83, 22, 24, 1, 8
2018/3/26, 151, 79, 24, 26, 2, 8
2018/3/27, 138, 76, 28, 27, 1, 8
2018/3/28, 137, 95, 32, 32, 3, 10
2018/3/29, 153, 79, 19, 28, 1, 10
2018/3/30, 135, 73, 24, 26, , 8
2018/3/31, 129, 65, 27, 16, 1, 7
2017/10/1, 131, 45, 18, 10, 1, 6
2017/10/2, 105, 41, 13, 12, 2, 6
2017/10/3, 88, 69, 19, 10, 3, 7
2017/10/4, 145, 89, 24, 12, 4, 7
2017/10/5, 161, 57, 15, 10, 5, 4
2017/10/6, 95, 48, 31, 10, 17, 5
2017/10/7, 97, 22, 6, 13, , 2
2017/10/8, 64, 33, 16, 11, 1, 4
2017/10/9, 83, 23, 17, 10, 2, 3
2017/10/10, 43, 31, 15, 8, 1, 4
2017/10/11, 58, 31, 16, 10, 1, 3
2017/10/12, 59, 29, 19, 11, 3, 4
2017/10/13, 49, 62, 26, 13, 3, 3
2017/10/14, 108, 42, 11, 14, 2, 3
2017/10/15, 86, 64, 23, 12, 3, 12
2017/10/16, 117, 108, 23, 16, 6, 5
2017/10/17, 157, 119, 23, 17, 5, 5
2017/10/18, 146, 89, 17, 18, 6, 4
2017/10/19, 152, 77, 42, 13, 2, 4
2017/10/20, 153, 84, 19, 16, 2, 4
2017/10/21, 149, 72, 13, 15, 1, 4
2017/10/22, 146, 66, 24, 14, 4, 4
2017/10/23, 125, 85, 33, 14, 6, 12
2017/10/24, 143, 104, 40, 17, 8, 4
2017/10/25, 153, 90, 49, 15, 2, 4
2017/10/26, 147, 83, 39, 15, 2, 4
2017/10/27, 139, 88, 28, 18, 6, 5
2017/10/28, 150, 91, 15, 20, 4, 5
2017/10/29, 140, 103, 37, 19, 8, 6
2017/10/30, 151, 102, 27, 22, 11, 6
2017/10/31, 153, 103, 30, 22, 7, 6
2017/11/1, 158, 104, 33, 21, 11, 6
2017/11/2, 160, 93, 27, 19, 9, 5
2017/11/3, 157, 74, 36, 16, 7, 5
2017/11/4, 121, 57, 14, 19, 9, 5
2017/11/5, 102, 54, 22, 18, 8, 4
2017/11/6, 92, 69, 23, 21, 7, 5
2017/11/7, 113, 64, 37, 20, 14, 5
2017/11/8, 111, 69, 28, 21, 8, 5
2017/11/9, 114, 69, 28, 22, 11, 5
2017/11/10, 125, 85, 27, 24, 14, 5
2017/11/11, 151, 78, 12, 26, 11, 5
2017/11/12, 132, 86, 30, 23, 9, 6
2017/11/13, 147, 104, 22, 24, 11, 6
2017/11/14, 163, , , , , 
2017/11/16, 110, 72, 18, 19, 6, 5
2017/11/17, 121, 61, 24, 17, 5, 5
2017/11/18, 108, 65, 11, 19, 6, 6
2017/11/19, 113, 59, 38, 12, 5, 4
2017/11/20, 90, 67, 28, 18, 4, 6
2017/11/21, 120, 51, 28, 15, 1, 4
2017/11/22, 97, 60, 11, 20, 3, 4
2017/11/23, 101, 80, 24, 19, 5, 5
2017/11/24, 152, 89, 22, 22, 11, 5
2017/11/25, 158, 89, 14, 25, 6, 6
2017/11/26, 150, 96, 18, 27, 11, 7
2017/11/27, 151, 100, 14, 30, 15, 8
2017/11/28, 156, 84, 64, 21, 6, 6
2017/11/29, 147, 84, 25, 23, 2, 6
2017/11/30, 148, 97, 34, 23, 3, 7
2017/12/1, 158, 84, 29, 19, 7, 5
2017/12/2, 153, 86, 16, 25, 4, 6
2017/12/3, 148, 77, 24, 22, 1, 5
2017/12/4, 150, 66, 20, 18, 1, 5
2017/12/5, 128, 53, 15, 17, , 4
2017/12/6, 108, 75, 22, 22, 3, 5
2017/12/7, 146, 94, 28, 24, 9, 6
2017/12/8, 156, 97, 16, 29, 8, 6
2017/12/9, 149, 103, 5, , 12, 6
2017/12/10, 161, 69, 40, , 8, 4
2017/12/11, 101, 84, 52, , 5, 6
2017/12/12, 135, 87, 35, , 1, 6
2017/12/13, 144, 82, 28, , 2, 6
2017/12/14, 133, 75, 22, 15, 1, 4
2017/12/15, 143, 81, 31, 19, 1, 3
2017/12/16, 144, 90, 32, 22, 3, 4
2017/12/17, 145, 94, 41, 23, 11, 3
2017/12/18, 157, 93, 40, 30, 15, 4
2017/12/19, 138, 98, 24, 41, 15, 7
2017/12/20, 146, 98, 25, 42, 6, 7
2017/12/21, 152, 99, 33, 38, 5, 7
2017/12/22, 151, 108, 38, 40, 4, 7
2017/12/23, 161, 96, 29, 37, 2, 7
2017/12/24, 159, 90, 20, 35, 2, 6
2017/12/25, 155, 91, 22, 35, 6, 7
2017/12/26, 147, 89, 22, 39, 6, 7
2017/12/27, 137, 89, 29, 40, 5, 7
2017/12/28, 138, 91, 34, 40, 1, 7
2017/12/29, 146, 76, 27, 39, 1, 6
2017/12/30, 133, 108, 9, 52, 2, 12
2017/12/31, 167, 73, 17, 39, 7, 6
2017/7/1, 51, 36, 19, 10, 4, 4
2017/7/2, 49, 46, 19, 11, 7, 4
2017/7/3, 53, 39, 18, 12, , 4
2017/7/4, 49, , , , , 
2017/7/6, 67, 44, 21, 11, 4, 5
2017/7/7, 64, 54, 21, 12, 4, 6
2017/7/8, 74, 46, 21, 12, 4, 5
2017/7/9, 72, 46, 17, 14, 7, 7
2017/7/10, 69, 60, 18, 12, 4, 21
2017/7/11, 77, 46, 17, 11, 4, 19
2017/7/12, 62, 45, 17, 10, 4, 13
2017/7/13, 63, 38, 17, 11, 4, 4
2017/7/14, 58, 60, 17, 11, 6, 2
2017/7/15, 72, , 13, 8, , 7
2017/7/16, 38, 30, 17, 8, 9, 8
2017/7/17, 54, 19, 17, 8, , 5
2017/7/18, 43, 17, 17, 10, , 5
2017/7/19, 27, 20, 18, 8, , 5
2017/7/20, 33, 38, 18, 8, , 5
2017/7/21, 48, 48, 18, 8, , 4
2017/7/22, 53, 59, 18, 9, , 4
2017/7/23, 60, 48, 18, 10, , 4
2017/7/24, 64, 50, 17, 8, 1, 6
2017/7/25, 52, 55, 14, 10, 1, 7
2017/7/26, 62, 49, 17, 10, 3, 6
2017/7/27, 58, 42, 17, 10, 4, 6
2017/7/28, 54, 49, 16, 12, 5, 5
2017/7/29, 61, 57, 16, 13, 5, 5
2017/7/30, 63, 58, 17, 14, 6, 5
2017/7/31, 69, 48, 16, 12, 9, 5
2017/8/1, 63, 49, 22, 10, 2, 5
2017/8/2, 59, 26, 15, 8, 1, 18
2017/8/3, 26, 40, 15, 15, 6, 5
2017/8/4, 51, 60, 17, 16, 7, 4
2017/8/5, 75, 67, 19, 18, 7, 4
2017/8/6, 78, 69, 18, 15, 6, 4
2017/8/7, 88, 58, 20, 11, 7, 4
2017/8/8, 82, 23, 13, 7, 16, 4
2017/8/9, 57, 37, 13, 6, 8, 4
2017/8/10, 58, 46, 17, 9, 5, 4
2017/8/11, 64, 40, 17, 10, 5, 4
2017/8/12, 63, 37, 16, 11, 4, 4
2017/8/13, 65, 45, 16, 9, 5, 5
2017/8/14, 70, 41, 16, 8, 5, 4
2017/8/15, 64, 53, 17, 8, 5, 5
2017/8/16, 73, 69, 16, 11, 6, 4
2017/8/17, 84, 73, 17, 10, 5, 5
2017/8/18, 99, 35, 17, 9, 4, 4
2017/8/19, 66, 9, 19, 7, 4, 4
2017/8/20, 31, 25, 17, 9, 23, 22
2017/8/21, 46, 34, 16, 9, 5, 8
2017/8/22, 53, 55, 16, 11, 5, 4
2017/8/23, 68, 59, 16, 11, 5, 5
2017/8/24, 86, 33, 21, 9, 6, 5
2017/8/25, 60, 27, 20, 6, 7, 7
2017/8/26, 32, 25, 16, 8, 4, 6
2017/8/27, 53, 13, 17, 7, 4, 5
2017/8/28, 40, 14, 17, 7, 4, 5
2017/8/29, 32, 30, 14, 7, 4, 5
2017/8/30, 54, 47, 16, 9, 4, 5
2017/8/31, 65, 55, 16, 9, 5, 5
2017/9/1, 76, 68, 14, 11, 2, 6
2017/9/2, 95, 37, 17, 10, 1, 5
2017/9/3, 57, 51, 13, 10, 1, 10
2017/9/4, 70, 58, 15, 10, 1, 6
2017/9/5, 81, 61, 10, 12, , 6
2017/9/6, 94, , , , , 
2017/9/11, 50, 21, 14, 9, , 5
2017/9/12, 44, 32, 14, 10, 1, 5
2017/9/13, 68, 17, 14, 10, , 5
2017/9/14, 45, 31, 15, 11, 1, 5
2017/9/15, 57, 22, 15, 10, , 5
2017/9/16, 44, 28, 14, 10, , 5
2017/9/17, 67, 19, 14, 8, 1, 4
2017/9/18, 43, 21, 16, 8, , 4
2017/9/19, 54, 28, 16, 9, , 5
2017/9/20, 48, 31, 16, 9, , 5
2017/9/21, 60, 33, 16, 11, , 5
2017/9/22, 69, 53, 15, 12, 1, 6
2017/9/23, 91, 83, 15, 13, 2, 6
2017/9/24, 121, 73, 13, 14, 1, 6
2017/9/25, 120, 73, 15, 13, 2, 6
2017/9/26, 121, 84, 15, 14, 2, 6
2017/9/27, 139, 65, 13, 13, 1, 6
2017/9/28, 134, 54, 15, 12, 1, 6
2017/9/29, 121, 49, 17, 11, 1, 6
2017/9/30, 109, 65, 18, 11, 3, 6
2017/4/1, 124, 97, 17, 22, 6, 5
2017/4/2, 132, 89, 16, 19, 4, 5
2017/4/3, 137, 77, 33, 13, 2, 5
2017/4/4, 122, 72, 16, 13, 4, 4
2017/4/5, 120, 79, 17, 16, 7, 5
2017/4/6, 119, 89, 12, 18, 4, 5
2017/4/7, 134, 101, 20, 16, 4, 6
2017/4/8, 143, 119, 9, 21, 8, 7
2017/4/9, 156, 112, 10, 19, 10, 5
2017/4/10, 155, 159, 13, 26, 16, 6
2017/4/11, 154, 258, 5, 39, 28, 12
2017/4/12, 218, 109, 14, 21, 13, 5
2017/4/13, 143, 105, 12, 19, 10, 5
2017/4/14, 148, 97, 14, 15, 8, 5
2017/4/15, 142, 109, 12, 16, 8, 6
2017/4/16, 136, 134, 13, 20, 11, 6
2017/4/17, 150, 126, 29, 22, 14, 6
2017/4/18, 150, 111, 21, 23, 8, 6
2017/4/19, 145, 102, 25, 20, 10, 5
2017/4/20, 128, 96, 19, 23, 10, 4
2017/4/21, 119, 97, 26, 22, 13, 5
2017/4/22, 128, 110, 21, 26, 14, 5
2017/4/23, 137, 115, 16, 22, 13, 5
2017/4/24, 133, 103, 15, 23, 17, 5
2017/4/25, 128, 109, 13, 24, 18, 5
2017/4/26, 142, 122, 19, 27, 12, 6
2017/4/27, 140, 75, 23, 17, 5, 4
2017/4/28, 112, 73, 21, 17, 10, 4
2017/4/29, 84, 62, 20, 16, 9, 4
2017/4/30, 80, 51, 9, 16, 8, 3
2017/5/1, 76, 55, 24, 11, 4, 4
2017/5/2, 84, 63, 18, 13, 4, 4
2017/5/3, 107, 77, 21, 16, 6, 4
2017/5/4, 119, 83, 26, 15, 5, 4
2017/5/5, 113, 68, 15, 18, 9, 3
2017/5/6, 110, , , , , 
2017/5/8, 90, 63, 67, 39, 7, 3
2017/5/9, 91, 54, 55, 41, 4, 4
2017/5/10, 97, 51, 35, 63, 4, 4
2017/5/11, 92, 60, 29, 25, 4, 4
2017/5/12, 103, 66, 21, 26, 4, 4
2017/5/13, 101, 75, 19, 29, 5, 4
2017/5/14, 116, 65, 24, 21, 4, 3
2017/5/15, 102, 85, 13, 32, 5, 4
2017/5/16, 110, 74, 15, 27, 5, 4
2017/5/17, 103, 104, 14, 35, 6, 4
2017/5/18, 129, 99, 12, 36, 7, 4
2017/5/19, 121, 97, 14, 35, 7, 3
2017/5/20, 114, 89, 8, 46, 8, 4
2017/5/21, 105, 83, 14, 38, 6, 5
2017/5/22, 84, 113, 4, 50, 7, 3
2017/5/23, 126, 116, 8, 53, 7, 4
2017/5/24, 137, 91, 13, 40, 4, 4
2017/5/25, 122, 95, 11, 36, 5, 4
2017/5/26, 124, 67, 13, 24, 4, 2
2017/5/27, 89, 55, 17, 30, 6, 3
2017/5/28, 82, 60, 18, 29, 5, 3
2017/5/29, 70, 64, 19, 46, 2, 3
2017/5/30, 69, 49, 27, 19, 6, 2
2017/5/31, 57, 33, 27, 20, 3, 6
2017/6/1, 45, 30, 45, 17, 8, 7
2017/6/2, 59, 39, 38, 13, 4, 5
2017/6/3, 52, 37, 24, 16, 5, 5
2017/6/4, 60, 49, 45, 15, 7, 8
2017/6/5, 66, 49, 30, 14, 6, 6
2017/6/6, 61, 44, 13, 10, 8, 6
2017/6/7, 69, 28, 18, 13, 4, 25
2017/6/8, 50, 37, 29, 12, 6, 
2017/6/9, 69, 27, 24, 11, 6, 
2017/6/10, 41, 16, 14, 12, 5, 
2017/6/11, 36, 18, 14, 7, 8, 
2017/6/12, 36, 19, 19, 13, 4, 
2017/6/13, 32, 42, 34, 12, 4, 9
2017/6/14, 76, 32, 25, 13, 5, 3
2017/6/15, 62, 23, 24, 12, 5, 4
2017/6/16, 48, 35, 25, 13, 9, 3
2017/6/17, 57, 34, 27, 12, 4, 4
2017/6/18, 60, 18, 23, 9, 5, 3
2017/6/19, 39, 27, 21, 9, 4, 4
2017/6/20, 38, 31, 21, 11, 4, 4
2017/6/21, 45, 41, 21, 13, 4, 4
2017/6/22, 59, 40, 19, 10, 4, 5
2017/6/23, 58, 42, 21, 9, 4, 4
2017/6/24, 55, 37, 20, 10, 9, 4
2017/6/25, 56, 39, 19, 9, 4, 4
2017/6/26, 54, 35, 19, 8, 4, 4
2017/6/27, 55, 33, 18, 10, 3, 4
2017/6/28, 47, 36, 20, 11, 4, 4
2017/6/29, 44, 51, 20, 9, 4, 4
2017/6/30, 57, 42, 19, 10, 4, 4
2017/1/2, 127, 85, 34, 26, 13, 8
2017/1/3, 149, 132, 36, 26, 21, 7
2017/1/4, 188, 106, 22, 26, 16, 7
2017/1/5, 167, 95, 22, 30, 19, 6
2017/1/6, 150, 76, 29, 17, 7, 6
2017/1/7, 143, 73, 26, 15, 5, 7
2017/1/8, 150, 63, 29, 13, 5, 4
2017/1/9, 133, 78, 29, 16, 2, 6
2017/1/10, 149, 105, 30, 22, 17, 7
2017/1/11, 157, 132, 25, 25, 29, 8
2017/1/12, 185, 112, 21, 22, 12, 8
2017/1/13, 182, 80, 24, 17, 8, 5
2017/1/14, 157, 82, 21, 17, 5, 6
2017/1/15, 163, 92, 20, 23, 14, 7
2017/1/16, 160, 82, 18, 22, 6, 7
2017/1/17, 149, 61, 35, 15, 5, 5
2017/1/18, 135, 76, 35, 17, 5, 5
2017/1/19, 156, 89, 28, 21, 7, 6
2017/1/20, 156, 93, 35, 29, 7, 7
2017/1/21, 146, 78, 29, 22, 6, 6
2017/1/22, 140, 101, 34, 23, 9, 7
2017/1/23, 160, 96, 30, 22, 9, 6
2017/1/24, 154, 95, 32, 21, 8, 7
2017/1/25, 161, 78, 36, 14, 5, 5
2017/1/26, 153, 72, 25, 18, 7, 5
2017/1/27, 140, 88, 30, 19, 14, 7
2017/1/28, 153, 99, 21, 24, 19, 6
2017/1/29, 153, 90, 30, 26, 16, 10
2017/1/30, 153, 81, 25, 21, 9, 7
2017/1/31, 137, 67, 52, 16, 6, 5
2017/2/1, 121, 70, 36, 16, 5, 4
2017/2/2, 138, 74, 37, 18, 6, 5
2017/2/3, 139, 96, 52, 23, 10, 6
2017/2/4, 146, 82, 47, 21, 9, 6
2017/2/5, 137, 89, 58, 23, 13, 5
2017/2/6, 146, 119, 21, 27, 16, 9
2017/2/7, 171, 102, 34, 22, 7, 
2017/2/8, 160, 92, 26, 21, 7, 
2017/2/9, 153, 78, 41, 16, 5, 
2017/2/10, 153, , 28, 12, , 
2017/2/11, 113, , 22, 14, 1, 
2017/2/12, 114, 71, 39, 9, 23, 18
2017/2/13, 113, 77, 43, 15, 13, 6
2017/2/14, 145, 88, 19, 19, 8, 6
2017/2/15, 147, 105, 17, 22, 15, 7
2017/2/16, 157, 119, 17, 23, 16, 6
2017/2/17, 145, 119, 16, 25, 19, 7
2017/2/18, 142, 99, 14, 24, 8, 6
2017/2/19, 164, 77, 9, 19, 9, 8
2017/2/20, 77, 84, 15, 22, 14, 6
2017/2/21, 125, 102, 14, 26, 13, 7
2017/2/22, 145, 106, 47, 26, 17, 7
2017/2/23, 134, 108, 18, 26, 20, 7
2017/2/24, 146, 121, 29, 28, 24, 7
2017/2/25, 161, 99, 29, 26, 21, 6
2017/2/26, 134, 81, 177, 20, 14, 7
2017/2/27, 129, 113, 109, 25, 23, 7
2017/2/28, 150, 104, 8, 23, 13, 6
2017/3/1, 150, 87, 8, 16, 7, 5
2017/3/2, 143, 66, 19, 14, 5, 4
2017/3/3, 91, 64, 54, 17, 8, 4
2017/3/4, 99, 60, 31, 12, 5, 4
2017/3/5, 94, 76, 26, 16, 7, 5
2017/3/6, 114, 63, 27, 9, 3, 4
2017/3/7, 100, 86, 20, 18, 8, 4
2017/3/8, 117, 128, 22, 31, 13, 7
2017/3/9, 160, 74, 19, 17, 6, 4
2017/3/10, 101, 80, 18, 22, 6, 3
2017/3/11, 87, 94, 30, 27, 13, 5
2017/3/12, 111, 121, 17, 30, 23, 6
2017/3/13, 145, 96, 13, 25, 12, 5
2017/3/14, 133, 46, 13, 10, 5, 3
2017/3/15, 66, 39, 15, 13, 4, 3
2017/3/16, 79, 87, 13, 23, 10, 6
2017/3/17, 135, 121, 11, 29, 14, 6
2017/3/18, 146, 133, 11, 31, 17, 7
2017/3/19, 137, 136, 3, 25, 19, 6
2017/3/20, 127, 121, 31, 27, 15, 7
2017/3/21, 134, 108, 27, 28, 13, 6
2017/3/22, 145, 89, 34, 22, 7, 6
2017/3/23, 143, 86, 29, 21, 7, 5
2017/3/24, 137, 93, 29, 23, 3, 5
2017/3/25, 146, 97, 24, 22, 6, 5
2017/3/26, 151, 89, 24, 21, 6, 5
2017/3/27, 143, 86, 25, 21, 5, 5
2017/3/28, 136, 81, 23, 18, 5, 5
2017/3/29, 132, 84, 20, 18, 5, 5
2017/3/30, 121, 83, 21, 19, 5, 4
2017/3/31, 124, 83, 19, 17, 5, 5
2016/10/12, 125, 73, 17, 28, 7, 11
2016/10/13, 131, 68, 20, 30, 11, 10
2016/10/14, 108, 72, 23, 27, 8, 12
2016/10/15, 122, 74, 23, 33, 10, 13
2016/10/16, 138, 70, 18, 40, 11, 8
2016/10/17, 132, 70, 17, 42, 13, 10
2016/10/18, 140, 73, 22, 34, 14, 16
2016/10/19, 142, 75, 25, 35, 17, 14
2016/10/20, 145, 73, 27, 31, 17, 10
2016/10/21, 143, 76, 20, 35, 13, 7
2016/10/22, 139, 76, 23, 39, 19, 9
2016/10/24, 130, 74, 15, 30, 8, 6
2016/10/25, 153, 75, 24, 28, 16, 5
2016/10/26, 149, 73, 40, 23, 21, 5
2016/10/27, 151, 72, 43, 18, 22, 6
2016/10/28, 151, 75, 33, 22, 22, 8
2016/10/29, 159, 72, 30, 11, 10, 5
2016/10/30, 151, 63, 32, 12, 11, 7
2016/10/31, 136, 76, 35, 15, 22, 6
2016/11/1, 158, 73, 41, 11, 23, 6
2016/11/2, 155, 71, 35, 10, 15, 5
2016/11/3, 153, 73, 32, 9, 15, 6
2016/11/4, 150, 73, 35, 13, 14, 4
2016/11/5, 154, 74, 40, 11, 15, 6
2016/11/6, 155, 79, 39, 10, 19, 6
2016/11/7, 156, 76, 38, 16, 19, 7
2016/11/8, 148, 74, 49, 19, 18, 7
2016/11/9, 148, 76, 55, 24, 23, 7
2016/11/10, 158, 71, 45, 24, 23, 9
2016/11/11, 154, 75, 62, 23, 17, 10
2016/11/12, 154, 72, 68, 21, 13, 11
2016/11/13, 153, 72, 38, 19, 8, 12
2016/11/14, 153, 73, 33, 16, 12, 9
2016/11/15, 156, 73, 48, 16, 24, 10
2016/11/16, 154, 74, 35, 17, 22, 8
2016/11/17, 153, 70, 43, 18, 18, 7
2016/11/18, 152, 72, 42, 25, 21, 8
2016/11/19, 153, 71, 43, 27, 15, 9
2016/11/20, 151, 64, 33, 26, 18, 8
2016/11/21, 140, 65, 32, 29, 14, 11
2016/11/22, 144, 68, 45, 24, 18, 10
2016/11/23, 143, 71, 54, 27, 16, 11
2016/11/24, 148, 73, 37, 20, 21, 11
2016/11/25, 150, 68, 30, 4, 20, 10
2016/11/26, 137, 73, 27, 2, 21, 8
2016/11/27, 143, 75, 33, 1, 21, 9
2016/11/28, 149, 70, 31, 11, 20, 7
2016/11/29, 137, 70, 32, 31, 19, 10
2016/11/30, 146, 71, 29, 25, 10, 11
2016/12/1, 138, 72, 28, 25, 21, 9
2016/12/2, 151, 68, 22, 16, 4, 6
2016/12/3, 135, 70, 22, 18, 9, 6
2016/12/4, 141, 75, 26, 20, 17, 8
2016/12/5, 154, 73, 34, 19, 20, 9
2016/12/6, 155, 68, 28, 25, 20, 10
2016/12/7, 149, 74, 32, 29, 19, 11
2016/12/8, 153, 76, 30, 27, 14, 7
2016/12/9, 153, 74, 26, 27, 17, 10
2016/12/10, 149, 71, 28, 31, 22, 9
2016/12/11, 153, 74, 22, 27, 24, 12
2016/12/12, 132, 75, 21, 25, 21, 9
2016/12/13, 147, 53, 17, 12, 3, 8
2016/12/14, 121, 70, 28, 22, 6, 12
2016/12/15, 149, 71, 27, 21, 15, 10
2016/12/16, 154, 70, 32, 27, 17, 12
2016/12/17, 144, 69, 21, 28, 19, 8
2016/12/18, 136, 72, 22, 29, 21, 8
2016/12/19, 142, 70, 40, 31, 26, 9
2016/12/20, 149, 70, 27, 33, 23, 11
2016/12/21, 145, 70, 24, 30, 22, 9
2016/12/22, 147, 70, 23, 30, 18, 8
2016/12/23, 146, 74, 28, 31, 17, 9
2016/12/24, 144, 73, 32, 27, 5, 8
2016/12/25, 144, 73, 24, 25, 8, 11
2016/12/26, 119, 69, 24, 31, 20, 9
2016/12/27, 139, 73, 65, 33, 20, 10
2016/12/28, 154, 72, 37, 26, 4, 9
2016/12/29, 153, 75, 60, 22, 8, 9
2016/12/30, 152, 79, 49, 18, 2, 7
2016/12/31, 149, 73, 32, 17, 2, 6
2017/1/1, 151, 62, 25, 23, 9, 8
2024/12/31, , 114, 3, 24, 2, 29
2024/10/23, , 110, 4, 14, 3, 13
2024/7/10, , 50, 2, 15, 3, 6
2024/8/23, , 30, 8, 10, 2, 16
2024/9/1, , 26, 3, 13, 3, 8
2024/6/11, , 48, 2, 12, 5, 2
2024/6/18, , 46, 2, 12, 2, 7
2023/11/18, , 72, 13, 17, 1, 6
2023/12/7, , 97, 1, 35, 2, 8
2023/12/13, , 88, 2, 36, 1, 7
2023/8/28, , 94, 1, 5, 2, 10
2023/9/24, , 57, 2, 10, 1, 8
2023/4/2, , 58, 3, , 2, 18
2023/4/15, , 79, 1, , 2, 8
2023/4/16, , 83, 2, 1, 2, 18
2023/4/27, , 83, 1, , 2, 20
2023/5/21, , 52, 2, , 3, 8
2023/5/28, , 81, 3, 3, 2, 11
2023/6/8, , 71, 1, , 3, 2
2023/6/26, , 46, 1, , 1, 14
2023/1/26, , 79, 2, , 3, 28
2023/3/19, , 65, 3, 1, 3, 14
2022/10/23, , 77, , , , 3
2022/11/14, , 110, 2, 4, 4, 15
2022/11/20, , 103, 6, , 13, 7
2022/4/8, , 96, 4, 24, 1, 2
2022/5/25, , 94, 9, 11, 2, 14
2022/6/6, , 82, 12, 11, , 3
2022/3/8, , 98, 3, 36, , 6
2021/10/11, , 105, , 31, 10, 
2021/10/15, , 35, 1, 20, 1, 6
2021/11/28, , 91, 3, 26, 1, 4
2021/1/22, , 101, 24, 24, , 4
2021/2/8, , 105, 7, 37, 3, 6
2020/10/14, , 23, 6, 14, 2, 2
2019/12/31, , 54, 13, 12, 6, 3
2020/1/16, , 57, 7, 12, 1, 7
2020/2/21, , 65, 14, 17, 1, 3
2020/3/1, , 91, 7, 17, 2, 5
2020/3/22, , 58, 14, 13, 1, 3
2020/3/27, , 58, 17, 8, 2, 3
2019/10/8, , 70, 6, , , 5
2019/10/13, , 83, 5, , 2, 5
2019/8/11, , 74, 1, 27, 1, 5
2019/8/23, , 51, 2, 14, 9, 1
2019/6/10, , 32, 13, 12, 1, 3
2018/12/31, , 105, 22, 29, 14, 8
2019/3/11, , 73, 15, 14, 2, 2
2018/11/29, , 90, 19, 40, 26, 5
2018/12/14, , 92, 19, 27, 12, 4
2018/4/10, , 65, 13, 15, 2, 7
2018/3/18, , 61, 83, 19, 1, 7
2017/11/15, , 69, 20, 13, 6, 5
2017/7/5, , 44, 18, 11, , 4
2017/9/10, , 26, 16, 9, , 5
2017/5/7, , 62, 1, 30, 51, 3
2016/10/11, , 77, 16, 19, 9, 11
2016/10/23, , 77, 16, 31, 14, 5
2023/3/18, , , 2, 1, 4, 8